"","Generation Interconnection Number","bus_id","ISO","ProjectName","In-Service Date","Generation Type","Status","Substation or Line","Capacity","Nearest Town or County","County","City","State","locations","BUS_Latitude","BUS_Longitude","Generator_Longitude","Generator_Latitude","geometry"
"1","GEN-2017-108",300703,"SPP","Henry - GEN-2017-108",2022-12-01,"Solar","DISIS STAGE","Stillwell - Clinton 161kV Line",400,"Henry County","Henry",NA,"Missouri","Henry County Missouri",38.297788062,-93.8634444248,-93.93483,38.31217,c(38.31217, -93.93483)
"2","GEN-2017-111",300699,"SPP","Bates - GEN-2017-111",2023-09-01,"Solar","DISIS STAGE","Clinton – Stilwell 161 kV Line Tap",152,"Bates","Bates",NA,"Missouri","Bates Missouri",38.3831016488,-94.0567197222,-94.11116,38.39914,c(38.39914, -94.11116)
"3","GEN-2017-119",539805,"SPP",NA,2024-05-01,"Wind","DISIS STAGE","Elm Creek 345kV substation",180,"Cloud",NA,NA,"Kansas","Cloud Kansas",39.6679619986103,-97.7933350925409,-97.6982272,39.4795571,c(39.4795571, -97.6982272)
"4","GEN-2017-120",532874,"SPP","Hope Ridge Wind Project",2027-05-01,"Wind","DISIS STAGE","Abilene Energy Center-Northview 115kV",260,"Dickinson","Dickinson",NA,"Kansas","Dickinson Kansas",38.8084659118993,-97.2245701680829,-97.15272,38.86651,c(38.86651, -97.15272)
"5","GEN-2017-175",659259,"SPP","Turner - GEN-2017-175",2023-09-30,"Wind","DISIS STAGE","Vfodnes-Utica Jct. 230kV",300,"Turner","Turner",NA,"South Dakota","Turner South Dakota",43.3794703662584,-96.9712958933022,-97.13791,43.28587,c(43.28587, -97.13791)
"6","GEN-2017-198",645031,"SPP","Omaha 20 MW BESS",2022-12-01,"Battery/Storage","FACILITY STUDY STAGE","Jones St. No 1201 69kV substation",11.64,"Omaha","Douglas","Omaha","Nebraska","Omaha Nebraska",41.2328200925329,-95.8809221604857,-95.92633,41.25403,c(41.25403, -95.92633)
"7","GEN-2017-201",640363,"SPP","Wayne County - GEN-2017-201",2022-12-01,"Wind","FACILITY STUDY STAGE","Hoskins 345kV Substation",250,"Wayne County","Wayne",NA,"Nebraska","Wayne County Nebraska",42.0631971293197,-97.3332539647246,-97.34769,42.06027,c(42.06027, -97.34769)
"8","GEN-2017-203",520918,"SPP",NA,2023-07-01,"Hybrid","DISIS STAGE","Renfrow 345kV Substation",210,"Grant",NA,NA,"Oklahoma","Grant Oklahoma",33.9908420493996,-95.5150798299724,-95.5138162,33.9430894,c(33.9430894, -95.5138162)
"9","GEN-2017-239",527099,"SPP","Yoakum - GEN-2017-239",2023-06-01,"Solar","DISIS STAGE","Mahoney 230kV Substation",300,"Yoakum","Yoakum",NA,"Texas","Yoakum Texas",32.9711144051443,-102.761267686567,-102.7594,32.97322,c(32.97322, -102.7594)
"10","GEN-2018-024",300893,"SPP","Muskogee 100 MW BESS",2023-10-15,"Battery/Storage","DISIS STAGE","Canadian River-Muskogee and Muskogee-Seminole 345kV",100,"Muskogee","Muskogee","Muskogee","Oklahoma","Muskogee Oklahoma",35.5255452533079,-95.6296599064827,-95.64592,35.57702,c(35.57702, -95.64592)
"11","GEN-2018-025",646297,"SPP","Washington - GEN-2018-025",2023-10-15,"Battery/Storage","DISIS STAGE","Fort Calhoun 345kV Substation",200,"Washington ","Washington","Washington","Nebraska","Washington  Nebraska",41.4897297656582,-96.0964906712867,-96.08289,41.51997,c(41.51997, -96.08289)
"12","GEN-2018-026",955089,"SPP","Canadian 100 MW BESS",2023-10-15,"Battery/Storage","DISIS STAGE","Mustang 138kV Substation",100,"Canadian",NA,"Canadian","Oklahoma","Canadian Oklahoma",35.4709064026916,-97.6755938075713,-97.6713,35.46871,c(35.46871, -97.6713)
"13","GEN-2018-027",509739,"SPP","Tulsa 100 MW BESS",2024-12-31,"Battery/Storage","DISIS STAGE","Tulsa Power Station 38kV Substation",100,"Tulsa","Tulsa","Tulsa","Oklahoma","Tulsa Oklahoma",36.1119365100707,-95.9915245275631,-95.98993,36.11301,c(36.11301, -95.98993)
"14","GEN-2018-028",915111,"SPP","Tulsa - GEN-2018-028",2023-10-15,"Battery/Storage","DISIS STAGE","Tulsa North 138kV Substation",200,"Tulsa","Tulsa","Tulsa","Oklahoma","Tulsa Oklahoma",36.2077400484081,-95.9363070591333,-95.93821,36.21394,c(36.21394, -95.93821)
"15","GEN-2018-029",955134,"SPP","Oklahoma 100 MW BESS",2023-10-15,"Battery/Storage","DISIS STAGE","Horseshoe Lake 138kV Substation",100,"Oklahoma","Oklahoma",NA,"Oklahoma","Oklahoma Oklahoma",35.5080730018242,-97.1827068933018,-97.17916,35.51047,c(35.51047, -97.17916)
"16","GEN-2018-030",531437,"SPP","Prowers 200 MW BESS",2023-10-15,"Battery/Storage","DISIS STAGE","Lamar-Finney 345kV Substation",200,"Prowers","Prowers",NA,"Colorado","Prowers Colorado",38.3335907891196,-101.941437996956,-102.53046,38.20932,c(38.20932, -102.53046)
"17","GEN-2018-031",548807,"SPP","Jackson 50 MW BESS",2024-12-31,"Battery/Storage","DISIS STAGE","Blue Valley 161kV Substation",50,"Jackson","Jackson",NA,"Missouri","Jackson Missouri",39.0924559998527,-94.3267490924505,-94.32467,39.08934,c(39.08934, -94.32467)
"18","GEN-2018-033",645041,"SPP","Cass - GEN-2018-033",2023-12-31,"Battery/Storage","DISIS STAGE","Cass County 345kV Substation",200,"Cass","Cass",NA,"Nebraska","Cass Nebraska",40.8581267915992,-96.0739102911398,-95.96745,40.94632,c(40.94632, -95.96745)
"19","GEN-2018-037",635010,"SPP","Douglas 100 MW BESS",2024-12-31,"Battery/Storage","DISIS STAGE","Looping in OPPD (S1211) (S1220) (S1211) (S1299) 161kV",100,"Douglas","Otoe","Douglas","Nebraska","Douglas Nebraska",41.3553633211766,-95.9252488278093,-95.94527,41.32972,c(41.32972, -95.94527)
"20","GEN-2018-079",533008,"SPP","Craig/Novata - GEN-2018-079",2023-12-31,"Solar","DISIS STAGE","Farmland-Delaware 138kV line",148,"Craig","Craig",NA,"Oklahoma","Craig Oklahoma",37.1540710060689,-95.4120056981341,-95.36511,36.94545,c(36.94545, -95.36511)
"21","GEN-2018-081",525425,"SPP","Craig - GEN-2018-081",2023-12-31,"Solar","DISIS STAGE","Plant X 230kV Substation",175,"Lamb ","Lamb",NA,"Texas","Lamb  Texas",34.1664077616626,-102.371721201112,-102.42087,34.16897,c(34.16897, -102.42087)
"22","GEN-2018-082",510913,"SPP","Pittsburg - GEN-2018-082",2023-12-31,"Wind","DISIS STAGE","Pittsburg 345kV Substation",215,"Pittsburg","Pittsburg",NA,"Oklahoma","Pittsburg Oklahoma",34.7403327095597,-95.9343076016531,-95.91962,34.70469,c(34.70469, -95.91962)
"23","GEN-2018-083",640363,"SPP","Madison - GEN-2018-083",2023-12-31,"Wind","DISIS STAGE","Shell Creek-Hoskins 345kv Line Break",250,"Madison","Madison",NA,"Nebraska","Madison Nebraska",42.0631971293197,-97.3332539647246,-97.37876,42.01273,c(42.01273, -97.37876)
"24","GEN-2018-087",508298,"SPP","Bowie 75 MW BESS",2023-12-31,"Battery/Storage","DISIS STAGE","Lydia 345kV substation",75,"Bowie","Bowie",NA,"Texas","Bowie Texas",33.4371595537772,-94.7470035569619,-94.71731,33.43956,c(33.43956, -94.71731)
"25","GEN-2018-088",508298,"SPP","Bowie - GEN-2018-088",2023-12-31,"Solar","DISIS STAGE","Lydia 345kV substation",130,"Bowie","Bowie",NA,"Texas","Bowie Texas",33.4371595537772,-94.7470035569619,-94.71085,33.42705,c(33.42705, -94.71085)
"26","GEN-2018-089",525425,"SPP","Castro - GEN-2018-089",2023-12-31,"Wind","DISIS STAGE","Newhart 230kV Substation",196,"Castro","Castro",NA,"Texas","Castro Texas",34.1664077616626,-102.371721201112,-102.40079,34.16626,c(34.16626, -102.40079)
"27","GEN-2018-090",646297,"SPP","Washington - GEN-2018-090",2023-12-31,"Battery/Storage","DISIS STAGE","Raun-Fort Calhoun 345kV Line",125,"Washington","Washington",NA,"Nebraska","Washington Nebraska",41.4897297656582,-96.0964906712867,-96.08337,41.52107,c(41.52107, -96.08337)
"28","GEN-2018-092",929001,"SPP","Foard/Wilbarger - GEN-2018-092",2023-12-31,"Solar","DISIS STAGE","Oklaunion-Tuco 345kV Line Break",400,"Foard","Foard",NA,"Texas","Foard Texas",34.0598653899204,-99.5049258270903,-99.47418,33.94785,c(33.94785, -99.47418)
"29","GEN-2018-097",525413,"SPP","Parmer - GEN-2018-097",2023-12-31,"Solar","DISIS STAGE","Tolk 230kV Substation",100,"Parmer","Parmer",NA,"Texas","Parmer Texas",34.2268466880348,-102.534696603535,-102.56037,34.18714,c(34.18714, -102.56037)
"30","GEN-2018-099",525413,"SPP","Parmer - GEN-2018-099",2023-12-31,"Wind","DISIS STAGE","Tolk 230kV Substation",300,"Parmer","Parmer",NA,"Texas","Parmer Texas",34.2268466880348,-102.534696603535,-102.56402,34.1841,c(34.1841, -102.56402)
"31","GEN-2018-106",508808,"SPP","Caddo - GEN-2018-106",2023-12-31,"Solar","DISIS STAGE","Longwood 345kV substation",165,"Caddo","Caddo",NA,"Louisiana","Caddo Louisiana",32.5850954049976,-93.9923565833403,-93.97156,32.591,c(32.591, -93.97156)
"32","GEN-2018-111",525413,"SPP","Parmer 75 MW",2023-12-31,"Battery/Storage","DISIS STAGE","Tolk 230kV substation",75,"Parmer","Parmer",NA,"Texas","Parmer Texas",34.2268466880348,-102.534696603535,-102.51832,34.1806,c(34.1806, -102.51832)
"33","GEN-2018-112",524721,"SPP",NA,2023-12-31,"Solar","DISIS STAGE","Tolk 230kV substation",185,"Parmer",NA,NA,"Texas","Parmer Texas",34.4548603569437,-102.736049196297,-102.7135121,34.4604292,c(34.4604292, -102.7135121)
"34","GEN-2018-116",530618,"SPP","Barton - GEN-2018-116",2022-12-31,"Solar","DISIS STAGE","Frey Street 115kV bus",150,"Barton","Barton",NA,"Kansas","Barton Kansas",38.2134314049122,-98.5865910293712,-98.74911,38.37795,c(38.37795, -98.74911)
"35","GEN-2018-117",511547,"SPP","Roger Mills - GEN-2018-117",2022-12-31,"Solar","DISIS STAGE","Sweetwater 230kV",150,"Roger Mills","Roger Mills",NA,"Oklahoma","Roger Mills Oklahoma",35.4388431354497,-99.9104359625183,-99.91859,35.4005,c(35.4005, -99.91859)
"36","GEN-2018-124",524728,"SPP","Parmer - GEN-2018-124",2023-12-31,"Solar","DISIS STAGE","Tolk 230kV substation",200,"Parmer","Parmer",NA,"Texas","Parmer Texas",34.4670304467491,-102.531960531565,-102.6122,34.45971,c(34.45971, -102.6122)
"37","GEN-2018-125",640261,"SPP","Lincoln - GEN-2018-125",2022-12-15,"Wind","DISIS STAGE","New switching station on Gentleman to Sweetwater 345kV line",231,"Lincoln","Lincoln",NA,"Nebraska","Lincoln Nebraska",41.0857594034021,-99.2992190542616,-99.26361,41.04399,c(41.04399, -99.26361)
"38","GEN-2019-003",525017,"SPP","Roosevelt - GEN-2019-003",2022-12-01,"Solar","DISIS STAGE","Roosevelt 230kV Substation",150,"Roosevelt","Roosevelt",NA,"New Mexico","Roosevelt New Mexico",34.2651121597545,-103.16178704792,-103.15884,34.3151,c(34.3151, -103.15884)
"39","GEN-2019-011",526928,"SPP","Yoakum 230 MW BESS",2023-05-01,"Battery/Storage","DISIS STAGE","Yoakum 345kV Substation",230,"Yoakum","Yoakum",NA,"Texas","Yoakum Texas",33.1946161123331,-102.779611096326,-102.79986,33.16792,c(33.16792, -102.79986)
"40","GEN-2019-012",520425,"SPP","Woodward 200 MW BESS",2023-05-01,"Battery/Storage","DISIS STAGE","Woodward 345kV substation",200,"Woodward","Woodward",NA,"Oklahoma","Woodward Oklahoma",36.3137907987324,-99.3274908819803,-99.36898,36.31005,c(36.31005, -99.36898)
"41","GEN-2019-014",531408,"SPP",NA,2022-12-01,"Hybrid","DISIS STAGE","Holcomb 115kV substation",125,"Finney",NA,NA,"Kansas","Finney Kansas",38.0399305741413,-100.900296385705,-100.8903099,38.0625252,c(38.0625252, -100.8903099)
"42","GEN-2019-016",923010,"SPP","Polk and Dade - GEN-2019-016",2022-11-30,"Solar","DISIS STAGE","Dadeville 161kV Substation ",200,"Polk","Polk",NA,"Missouri","Polk Missouri",37.4840109538754,-93.627777723992,-93.63135,37.48378,c(37.48378, -93.63135)
"43","GEN-2019-021",525017,"SPP","Roosevelt - GEN-2019-021",2022-12-01,"Solar","DISIS STAGE","Roosevelt 230kV Substation",50,"Roosevelt","Roosevelt",NA,"New Mexico","Roosevelt New Mexico",34.2651121597545,-103.16178704792,-103.17454,34.30961,c(34.30961, -103.17454)
"44","GEN-2019-023",661032,"SPP",NA,2023-12-31,"Hybrid","DISIS STAGE","WAPA-UGP Mingusville 230kV",110,"Wibaux",NA,NA,"Montana","Wibaux Montana",47.1561032653205,-104.563935061346,-104.1864623,46.9904554,c(46.9904554, -104.1864623)
"45","GEN-2019-035",512823,"SPP","Barry - GEN-2019-035",2022-12-31,"Solar","DISIS STAGE","Reeds Spring-Aurora 161kV Line",80,"Barry","Barry",NA,"Missouri","Barry Missouri",36.8618483795086,-93.566453404572,-93.60446,36.88283,c(36.88283, -93.60446)
"46","GEN-2019-037",615901,"SPP","Mercer - GEN-2019-037",2023-12-01,"Solar","DISIS STAGE","Leland Olds 345kV substation",150,"Mercer","Mercer",NA,"North Dakota","Mercer North Dakota",47.2718059832215,-101.287354906145,-101.33515,47.27949,c(47.27949, -101.33515)
"47","GEN-2019-044",539816,"SPP","Ellsworth - GEN-2019-044",2023-12-31,"Solar","DISIS STAGE","North Fort Dodge 115kV Substation",100,"Ford","Ford",NA,"Kansas","Ford Kansas",37.799392397283,-100.048638193547,-99.93431,37.7505,c(37.7505, -99.93431)
"48","GEN-2019-045",520806,"SPP","Woods - GEN-2019-045",2022-12-31,"Solar","DISIS STAGE","DeGrasse 138kV Substation",155,"Woods","Woods",NA,"Oklahoma","Woods Oklahoma",36.7870419241258,-98.7966715343243,-98.81503,36.77084,c(36.77084, -98.81503)
"49","GEN-2019-048",541235,"SPP","Jackson 50 MW",2022-12-31,"Battery/Storage","DISIS STAGE","Duncan 69kV substation",50,"Jackson","Jackson",NA,"Missouri","Jackson Missouri",39.0382400758455,-94.2325915645392,-94.2289,39.03832,c(39.03832, -94.2289)
"50","GEN-2019-051",530618,"SPP","Barton 40 MW",2023-06-01,"Battery/Storage","DISIS STAGE","Frey St 115kV bus",40,"Barton","Barton",NA,"Kansas","Barton Kansas",38.2134314049122,-98.5865910293712,-98.75397,38.37322,c(38.37322, -98.75397)
"51","GEN-2019-052",955010,"SPP","Canadian - GEN-2019-052",2023-06-01,"Solar","DISIS STAGE","Cimarron 345kV",135,"Canadian","Canadian",NA,"Oklahoma","Canadian Oklahoma",35.3331918419919,-97.8585899117683,-97.85138,35.42689,c(35.42689, -97.85138)
"52","GEN-2019-053",530617,"SPP","Edwards 50 MW",2023-06-01,"Battery/Storage","DISIS STAGE","Great Bend-Spearville 230kV line",50,"Edwards","Edwards",NA,"Kansas","Edwards Kansas",38.1519269683879,-99.3950185512428,-99.50824,38.0281,c(38.0281, -99.50824)
"53","GEN-2019-054",530711,"SPP","Barton - GEN-2019-054",2023-06-01,"Solar","DISIS STAGE","Great Bend- Circle 230kV line",150,"Barton","Barton",NA,"Kansas","Barton Kansas",38.2671660905884,-98.5341437333228,-98.68546,38.40342,c(38.40342, -98.68546)
"54","GEN-2019-055",530622,"SPP","Edwards, Pawnee - GEN-2019-055",2023-06-01,"Solar","DISIS STAGE","Great Bend-Spearville 230kV line",150,"Edwards","Edwards",NA,"Kansas","Edwards Kansas",38.201320243188,-99.3993738629915,-99.24999,38.1956,c(38.1956, -99.24999)
"55","GEN-2019-056",524365,"SPP","Randall 100 MW",2022-12-31,"Battery/Storage","DISIS STAGE","Randall 115kV substation",100,"Randall","Randall",NA,"Texas","Randall Texas",35.1415595533954,-101.78541372694,-101.77508,35.15186,c(35.15186, -101.77508)
"56","GEN-2019-058",539800,"SPP","Ford, Clark - GEN-2019-058",2023-06-01,"Solar","DISIS STAGE","Clark County 345kV substation",150,"Ford","Ford",NA,"Kansas","Ford Kansas",37.6126793651283,-100.074918848125,-99.89415,37.45798,c(37.45798, -99.89415)
"57","GEN-2019-062",533067,"SPP","Butler 90 MW",2022-12-31,"Battery/Storage","DISIS STAGE","Pony Meadows - El Paso 161kV Line Break",90,"Butler","Butler",NA,"Kansas","Butler Kansas",37.6768335534885,-97.1454911957273,-97.13917,37.63319,c(37.63319, -97.13917)
"58","GEN-2019-063",539800,"SPP","Ford 50 MW",2023-06-01,"Battery/Storage","DISIS STAGE","Clark County 345kV substation",50,"Ford","Ford",NA,"Kansas","Ford Kansas",37.6126793651283,-100.074918848125,-99.8753,37.46999,c(37.46999, -99.8753)
"59","GEN-2019-065",509072,"SPP","Smith 200 MW",2024-06-01,"Battery/Storage","DISIS STAGE","Overton-Northwest Henderson 138kV",180,"Smith","Smith",NA,"Texas","Smith Texas",32.2512085993064,-94.9731636072772,-94.98327,32.2705,c(32.2705, -94.98327)
"60","GEN-2019-066",511547,"SPP","Beckham 50 MW",2023-06-01,"Battery/Storage","DISIS STAGE","Sweetwater 230kV substation",50,"Beckham","Beckham",NA,"Oklahoma","Beckham Oklahoma",35.4388431354497,-99.9104359625183,-99.91416,35.38012,c(35.38012, -99.91416)
"61","GEN-2019-067",955043,"SPP","Canadian 30 MW",2023-06-01,"Battery/Storage","DISIS STAGE","Cimarron 345kV",30,"Canadian","Canadian",NA,"Oklahoma","Canadian Oklahoma",35.5156458770717,-97.7924091746208,-97.80371,35.51355,c(35.51355, -97.80371)
"62","GEN-2019-068",530711,"SPP","Barton 50 MW",2023-06-01,"Battery/Storage","DISIS STAGE","Great Bend - Circle 230kV line",50,"Barton","Barton",NA,"Kansas","Barton Kansas",38.2671660905884,-98.5341437333228,-98.69922,38.40414,c(38.40414, -98.69922)
"63","GEN-2019-069",647950,"SPP","Madison - GEN-2019-069",2023-12-31,"Solar","DISIS STAGE","Shell Creek-Hoskins 345kV Line",100,"Madison","Madison",NA,"Nebraska","Madison Nebraska",41.5353846884807,-96.1203527063936,-96.107,41.58205,c(41.58205, -96.107)
"64","GEN-2019-070",640377,"SPP","Madison - GEN-2019-070",2023-12-31,"Solar","DISIS STAGE","Shell Creek-Hoskins 345kv Line",50,"Madison","Madison",NA,"Nebraska","Madison Nebraska",41.851789998587,-96.3356146238693,-96.17899,41.85974,c(41.85974, -96.17899)
"65","GEN-2019-073",646298,"SPP","Washington - GEN-2019-073",2023-12-31,"Solar","DISIS STAGE","Shell Creek-Hoskins 345kv Line",100,"Madison","Madison",NA,"Nebraska","Madison Nebraska",41.5573408412579,-96.2195132733768,-96.20678,41.55371,c(41.55371, -96.20678)
"66","GEN-2019-074",525240,"SPP","Lamb - GEN-2019-074",2023-12-31,"Battery/Storage","DISIS STAGE","Plant X 230kV Substation",100,"Lamb","Lamb",NA,"Texas","Lamb Texas",34.1137303514241,-102.426939473596,-102.41663,34.14562,c(34.14562, -102.41663)
"67","GEN-2020-001",531351,"SPP","Cheyenne County - GEN-2020-001",2022-11-30,"Solar","DISIS STAGE","Sidney 345 kV Substation ",200,"Cheyenne County","Cheyenne",NA,"Nebraska","Cheyenne County Nebraska",41.3221861898366,-102.781057501885,-102.97193,41.17235,c(41.17235, -102.97193)
"68","GEN-2020-002",646281,"SPP","Platteview Solar",2022-11-15,"Solar","DISIS STAGE","6846 Substation 69 kV",81,"Yutan","Saunders","Yutan","Nebraska","Yutan Nebraska",41.1848777204433,-96.2986991808407,-96.37942,41.191,c(41.191, -96.37942)
"69","GEN-2020-003",533562,"SPP",NA,2023-03-01,"Thermal","DISIS STAGE","East Substation 69 kV",58,"Winfield",NA,NA,"Kansas","Winfield Kansas",37.2249655871214,-97.2002402173562,-96.9955918,37.2397486,c(37.2397486, -96.9955918)
"70","GEN-2020-005",523938,"SPP","Carson County - GEN-2020-005",2023-01-15,"Wind","DISIS STAGE","Conway 115 kV Line (524079)",150,"Carson County","Carson",NA,"Texas","Carson County Texas",35.3111331589789,-101.548560458349,-101.50074,35.24316,c(35.24316, -101.50074)
"71","GEN-2020-006",661003,"SPP","Bowman County - GEN-2020-006",2023-11-01,"Solar","DISIS STAGE","Bowman 230kV substation",250,"Bowman County","Bowman",NA,"North Dakota","Bowman County North Dakota",46.080589915473,-103.329173569583,-103.35498,46.13104,c(46.13104, -103.35498)
"72","GEN-2020-007",539665,"SPP",NA,2023-07-01,"Hybrid","DISIS STAGE","Evergy La Cygne to Wolf Creek 345kV Substation",650,"Linn ",NA,NA,"Kansas","Linn  Kansas",39.8371783859992,-97.2445085820711,-97.0841918,39.6800019,c(39.6800019, -97.0841918)
"73","GEN-2020-008",531404,"SPP",NA,2023-09-01,"Hybrid","DISIS STAGE","Corporation Carpenter 345kV Substation",250,"Stevens County",NA,NA,"Kansas","Stevens County Kansas",37.168365472821,-101.290662603494,-101.2523792,37.186894,c(37.186894, -101.2523792)
"74","GEN-2020-009",520949,"SPP",NA,2026-10-15,"Hybrid","DISIS STAGE","Lawton East Side to Oklaunion 345kV",300,"Cotton",NA,NA,"Oklahoma","Cotton Oklahoma",34.3804078,-98.42685691,-98.3964938,34.309094,c(34.309094, -98.3964938)
"75","GEN-2020-010",515825,"SPP",NA,2026-10-15,"Hybrid","DISIS STAGE","Seiling-Taloga Substations 138kV",140,"Mutual",NA,NA,"Oklahoma","Mutual Oklahoma",36.2763720223311,-99.1783687941547,-99.1681577,36.2314287,c(36.2314287, -99.1681577)
"76","GEN-2020-011",539693,"SPP",NA,2026-10-15,"Hybrid","DISIS STAGE","Axtell-Sweetwater Substation 345kV",320,"Funk",NA,NA,"Nebraska","Funk Nebraska",40.2073600032433,-99.2236617353894,-99.249261,40.4625119,c(40.4625119, -99.249261)
"77","GEN-2020-012",511475,"SPP",NA,2026-10-15,"Hybrid","DISIS STAGE","Snyder – Altus Jct. 138kV",113,"Headrick",NA,NA,"Oklahoma","Headrick Oklahoma",34.646979279948,-99.1514777644926,-99.1381366,34.6275714,c(34.6275714, -99.1381366)
"78","GEN-2020-013",982136,"SPP",NA,2026-10-15,"Hybrid","DISIS STAGE","Orleans-Holdrege Substation 115kV",215,"Orleans",NA,NA,"Nebraska","Orleans Nebraska",40.2056627056644,-99.2242636762054,-99.4544096,40.1314384,c(40.1314384, -99.4544096)
"79","GEN-2020-015",514808,"SPP","Johnston - GEN-2020-015",2026-11-01,"Solar","DISIS STAGE","Johnston County 345 kV Substation",104,"Johnston ","Johnston",NA,"Oklahoma","Johnston  Oklahoma",34.2768467202435,-96.9551579283656,-96.76734,34.30131,c(34.30131, -96.76734)
"80","GEN-2020-016",915159,"SPP","Tillman County - GEN-2020-016",2026-10-30,"Wind","DISIS STAGE","Snyder SW-Cache 138 kV line",202,"Tillman","Tillman",NA,"Oklahoma","Tillman Oklahoma",34.5834304739366,-98.8027341965313,-98.83418,34.57548,c(34.57548, -98.83418)
"81","GEN-2020-017",525816,"SPP","Lamb County - GEN-2020-017",2025-10-01,"Solar","DISIS STAGE","230kV Lamb County Interchange",74.88,"Lamb County","Lamb",NA,"Texas","Lamb County Texas",33.8963500993514,-102.296864634622,-102.31374,33.87531,c(33.87531, -102.31374)
"82","GEN-2020-020",510878,"SPP",NA,2025-05-15,"Hybrid","DISIS STAGE","Tap the 345 kV Northwest Texarkana - Valliant line",201.6,"McCurtain",NA,NA,"Oklahoma","McCurtain Oklahoma",35.0249440071948,-94.8822984889463,-94.9707891,35.1498196,c(35.1498196, -94.9707891)
"83","GEN-2020-021",661006,"SPP","Anpetu Wi Wind Farm",2023-11-30,"Wind","DISIS STAGE","LeLand Olds-Chapelle Creek 345kV line ",235,"Sioux County","Sioux",NA,"North Dakota","Sioux County North Dakota",46.6339710534195,-100.853761026742,-100.58035,46.2638,c(46.2638, -100.58035)
"84","GEN-2020-022",531393,"SPP","Finney County - GEN-2020-022",2023-11-01,"Solar","DISIS STAGE","Holcomb Substation 115KV",125,"Finney County","Finney",NA,"Kansas","Finney County Kansas",38.0204638703147,-101.081552102917,-100.98243,37.92866,c(37.92866, -100.98243)
"85","GEN-2020-023",514708,"SPP","Carrier - GEN-2020-023",2025-04-01,"Battery/Storage","DISIS STAGE","Woodring 345 KV Station",202,"Carrier","Garfield",NA,"Oklahoma","Carrier Oklahoma",36.328846543215,-97.7580362697451,-97.78853,36.32928,c(36.32928, -97.78853)
"86","GEN-2020-025",647985,"SPP",NA,2023-04-30,"Thermal","DISIS STAGE","Substation 1363; 161kV Substation",255,"Sarpy County",NA,NA,"Nebraska","Sarpy County Nebraska",41.1175446606481,-96.1394084466283,-96.195132,41.0744042,c(41.0744042, -96.195132)
"87","GEN-2020-027",647985,"SPP",NA,2023-04-30,"Hybrid","DISIS STAGE","S1281 – S1362 161kV (S1363)",50,"Sarpy County",NA,NA,"Nebraska","Sarpy County Nebraska",41.1175446606481,-96.1394084466283,-96.195132,41.0744042,c(41.0744042, -96.195132)
"88","GEN-2020-028",647985,"SPP",NA,2023-04-30,"Thermal","DISIS STAGE","Substation 1363; 161kV Substation",255,"Sarpy County",NA,NA,"Nebraska","Sarpy County Nebraska",41.1175446606481,-96.1394084466283,-96.195132,41.0744042,c(41.0744042, -96.195132)
"89","GEN-2020-030",647985,"SPP",NA,2023-04-30,"Hybrid","DISIS STAGE","S1281 – S1362 161kV (S1363)",50,"Sarpy County",NA,NA,"Nebraska","Sarpy County Nebraska",41.1175446606481,-96.1394084466283,-96.195132,41.0744042,c(41.0744042, -96.195132)
"90","GEN-2020-031",647985,"SPP",NA,2023-04-30,"Thermal","DISIS STAGE","Substation 1363; 161kV Substation",303,"Sarpy County",NA,NA,"Nebraska","Sarpy County Nebraska",41.1175446606481,-96.1394084466283,-96.195132,41.0744042,c(41.0744042, -96.195132)
"91","GEN-2020-033",647985,"SPP",NA,2023-04-30,"Hybrid","DISIS STAGE","S1281 – S1362 161kV (S1363)",50,"Sarpy County",NA,NA,"Nebraska","Sarpy County Nebraska",41.1175446606481,-96.1394084466283,-96.195132,41.0744042,c(41.0744042, -96.195132)
"92","GEN-2020-036",645032,"SPP",NA,2023-04-30,"Hybrid","DISIS STAGE","Substation 3740; 345kV",303,"Plattsmouth",NA,NA,"Nebraska","Plattsmouth Nebraska",41.2321456608773,-95.8805559744106,-95.8808424,41.0111103,c(41.0111103, -95.8808424)
"93","GEN-2020-038",645032,"SPP",NA,2023-04-30,"Thermal","DISIS STAGE","Substation 3740; 345kV",303,"Plattsmouth",NA,NA,"Nebraska","Plattsmouth Nebraska",41.2321456608773,-95.8805559744106,-95.8808424,41.0111103,c(41.0111103, -95.8808424)
"94","GEN-2020-043",646255,"SPP",NA,2023-04-30,"Thermal","DISIS STAGE","Between Substation 1209 and 1252; 161kV",56.52,"Douglas County",NA,NA,"Nebraska","Douglas County Nebraska",41.2927462827116,-96.204895470448,-96.195132,41.3148116,c(41.3148116, -96.195132)
"95","GEN-2020-044",646255,"SPP",NA,2023-04-30,"Thermal","DISIS STAGE","Between Substation 1209 and 1252; 161kV",56.52,"Douglas County",NA,NA,"Nebraska","Douglas County Nebraska",41.2927462827116,-96.204895470448,-96.195132,41.3148116,c(41.3148116, -96.195132)
"96","GEN-2020-045",646255,"SPP",NA,2023-04-30,"Thermal","DISIS STAGE","Between Substation 1209 and 1252; 161kV",56.52,"Douglas County",NA,NA,"Nebraska","Douglas County Nebraska",41.2927462827116,-96.204895470448,-96.195132,41.3148116,c(41.3148116, -96.195132)
"97","GEN-2020-052",533008,"SPP","Labette County Wind",2023-08-01,"Wind","DISIS STAGE","Neosho-Delaware 345 kV",251,"Labette County","Labette",NA,"Kansas","Labette County Kansas",37.1540710060689,-95.4120056981341,-95.41365,37.14913,c(37.14913, -95.41365)
"98","GEN-2020-054",509248,"SPP","Bowie County - GEN-2020-054",2023-08-01,"Solar","DISIS STAGE","Lydia 345 kV Station",298,"Bowie County","Bowie",NA,"Texas","Bowie County Texas",32.6211735565885,-95.9069385173448,-95.98936,32.82311,c(32.82311, -95.98936)
"99","GEN-2020-055",509248,"SPP","Bowie County - GEN-2020-055",2023-08-01,"Battery/Storage","DISIS STAGE","Lydia 345 kV Station",71,"Bowie County","Bowie",NA,"Texas","Bowie County Texas",32.6211735565885,-95.9069385173448,-95.99767,32.80634,c(32.80634, -95.99767)
"100","GEN-2020-056",539708,"SPP","Sunflower Electric Solar @ Russell",2023-03-30,"Solar","DISIS STAGE","Russell 115 kV Substation",20,"Russell County","Russell",NA,"Kansas","Russell County Kansas",38.9526691667032,-98.901841747916,-98.79199,38.89691,c(38.89691, -98.79199)
"101","GEN-2020-057",533281,"SPP","Garner - GEN-2020-057",2026-11-01,"Battery/Storage","DISIS STAGE","Atlantic 345 kV Substation",424.5,"Garner","Johnson",NA,"Kansas","Garner Kansas",38.988145528094,-94.9008622945483,-94.94831,38.9506,c(38.9506, -94.94831)
"102","GEN-2020-058",543044,"SPP","Johnson - GEN-2020-058",2026-11-01,"Solar","DISIS STAGE","Evergy Atlantic 345kV Substation",424.5,"Garner","Johnson","Gardner","Kansas","Garner Kansas",38.8078640928068,-94.9095168780744,-94.95571,38.88001,c(38.88001, -94.95571)
"103","GEN-2020-059",973062,"SPP",NA,2025-03-02,"Hybrid","DISIS STAGE","Tuco-Yoakum-Hobbs 345 kV",500,"Lovington",NA,NA,"New Mexico","Lovington New Mexico",33.0166373296819,-103.295653482568,-103.3485543,32.9440077,c(32.9440077, -103.3485543)
"104","GEN-2020-060",526213,"SPP","Lubbock - GEN-2020-060",2026-05-01,"Battery/Storage","DISIS STAGE","Lubbock East Substation 230 kV",200,"Lubbock","Lubbock",NA,"Texas","Lubbock Texas",33.5340129916898,-101.871300054829,-101.85459,33.5161,c(33.5161, -101.85459)
"105","GEN-2020-062",524996,"SPP","Clovis - GEN-2020-062",2023-11-01,"Solar","DISIS STAGE","OASIS 230kV Substation",256,"Curry","Curry","Clovis","New Mexico","Curry New Mexico",34.304136445552,-103.288738366845,-103.31883,34.28999,c(34.28999, -103.31883)
"106","GEN-2020-063",527656,"SPP","Roosevelt - GEN-2020-063",2023-11-01,"Solar","DISIS STAGE","San Juan Mesa 230 kV Line",184,"Roosevelt","Roosevelt","Elida","New Mexico","Roosevelt New Mexico",33.9942411382789,-103.817687507121,-103.72314,34.04084,c(34.04084, -103.72314)
"107","GEN-2020-065",527514,"SPP",NA,2025-12-01,"Thermal","DISIS STAGE","Hobbs-Andrews 345 kV Line",1003,"Gaines",NA,NA,"New Mexico","Gaines New Mexico",33.6505247115904,-105.309635022562,-105.8700901,34.5199402,c(34.5199402, -105.8700901)
"108","GEN-2020-067",526506,"SPP","Sundown Wind",2024-11-01,"Wind","DISIS STAGE","Tuco to Yoakum 345kV line",352.5,"Hockley","Hockley",NA,"Texas","Hockley Texas",33.357065264831,-102.320080569785,-102.26616,33.37446,c(33.37446, -102.26616)
"109","GEN-2020-069",640394,"SPP","Cherry - GEN-2020-069",2023-11-30,"Wind","DISIS STAGE","Cody to Valentine 115kV line",52.85,"Cherry","Cherry",NA,"Nebraska","Cherry Nebraska",43.0634618571511,-100.850416085456,-101.04035,42.90066,c(42.90066, -101.04035)
"110","GEN-2020-070",539701,"SPP","Osborne - GEN-2020-070",2024-09-30,"Wind","DISIS STAGE","Postrock to Axtell 345 KV line",255,"Osborne","Osborne",NA,"Kansas","Osborne Kansas",39.233752015404,-99.1688794174221,-99.03735,39.29678,c(39.29678, -99.03735)
"111","GEN-2020-071",533183,"SPP","Osage - GEN-2020-071",2024-09-30,"Wind","DISIS STAGE","Swissvale to Morris 230 KV line",252,"Osage","Osage",NA,"Kansas","Osage Kansas",38.8234080758839,-95.8029006391331,-95.77755,38.83533,c(38.83533, -95.77755)
"112","GEN-2020-072",541217,"SPP",NA,2025-07-01,"Hybrid","DISIS STAGE","Windsor to AEC Sedalia 161 kV line",150,"Windsor",NA,NA,"Missouri","Windsor Missouri",38.5144688140694,-93.5516322062786,-93.5221545,38.5322401,c(38.5322401, -93.5221545)
"113","GEN-2020-073",533876,"SPP",NA,2025-07-01,"Hybrid","DISIS STAGE","SE Ottawa to Pleasant Valley 161kV",190,"Franklin",NA,NA,"Kansas","Franklin Kansas",37.5183157807264,-94.7204145910139,-94.7049592,37.5244779,c(37.5244779, -94.7049592)
"114","GEN-2020-074",515372,"SPP","Carter - GEN-2020-074",2023-03-31,"Battery/Storage","DISIS STAGE","Lawton to Sunnyside 345 kV Substation",200,"Carter","Carter",NA,"Oklahoma","Carter Oklahoma",34.1815795134261,-97.389927276673,-97.39469,34.27672,c(34.27672, -97.39469)
"115","GEN-2020-075",520989,"SPP","Comanche - GEN-2020-075",2023-05-01,"Battery/Storage","DISIS STAGE","Cimmarron to Lawton 345 kV Line",200,"Comanche","Comanche",NA,"Oklahoma","Comanche Oklahoma",34.7319686,-98.26801959,-98.26418,34.70015,c(34.70015, -98.26418)
"116","GEN-2020-076",533588,"SPP","Butler - GEN-2020-076",2022-11-30,"Battery/Storage","DISIS STAGE","Benton to Wolf Creek 345 kV Line",200,"Butler","Butler",NA,"Kansas","Butler Kansas",37.9008475864792,-96.9648952508404,-96.83908,37.78128,c(37.78128, -96.83908)
"117","GEN-2020-077",640169,"SPP","Thayer - GEN-2020-077",2023-11-30,"Wind","DISIS STAGE","North Hebron to Fairbury 115 kV",151.2,"Thayer","Thayer",NA,"Nebraska","Thayer Nebraska",40.350151749268,-97.3759580866698,-97.43715,40.13837,c(40.13837, -97.43715)
"118","GEN-2020-078",647909,"SPP","Washington - GEN-2020-078",2022-11-30,"Solar","DISIS STAGE","Substation 1226 to Substation 1237, 161kV Tap",100,"Washington","Washington",NA,"Nebraska","Washington Nebraska",41.4553037296784,-96.2373064907065,-96.23624,41.46573,c(41.46573, -96.23624)
"119","GEN-2020-079",532926,"SPP",NA,2025-07-01,"Hybrid","DISIS STAGE","Riverton-Neosho 161kV line",225,"Cherokee ",NA,NA,"Kansas","Cherokee  Kansas",37.3680493881718,-94.8362500858862,-94.8088504,37.3458874,c(37.3458874, -94.8088504)
"120","GEN-2020-082",539652,"SPP","Seward - GEN-2020-082",2023-03-30,"Solar","DISIS STAGE","North Liberal 115 kV Substation",20,"Seward","Seward","Liberal","Kansas","Seward Kansas",37.1897274431452,-100.824621339682,-100.83554,37.14536,c(37.14536, -100.83554)
"121","GEN-2020-083",652651,"SPP","Fairview - GEN-2020-083",2023-10-20,"Solar","DISIS STAGE","Fairview 115kV Substation",74.5,"Fairview","Richland","Fairview","Montana","Fairview Montana",47.9154864757305,-104.084097459867,-104.14646,47.8725,c(47.8725, -104.14646)
"122","GEN-2020-085",515372,"SPP","Wilson - GEN-2020-085",2023-04-02,"Solar","DISIS STAGE","Lawton to Sunnyside 345 kV Line",500,"Carter","Carter","Wilson","Oklahoma","Carter Oklahoma",34.1815795134261,-97.389927276673,-97.37782,34.26548,c(34.26548, -97.37782)
"123","GEN-2020-086",533588,"SPP","El Dorado - GEN-2020-086",2022-11-30,"Solar","DISIS STAGE","Benton to Wolf Creek 345 kV Line",500,"El Dorado","Butler","El Dorado","Kansas","El Dorado Kansas",37.9008475864792,-96.9648952508404,-96.87173,37.92251,c(37.92251, -96.87173)
"124","GEN-2020-087",520989,"SPP","Comanche - GEN-2020-087",2023-05-01,"Solar","DISIS STAGE","Cimmarron to Lawton 345 kV Line",500,"Comanche","Comanche",NA,"Oklahoma","Comanche Oklahoma",34.7319686,-98.26801959,-98.28151,34.70827,c(34.70827, -98.28151)
"125","GEN-2020-088",547651,"SPP","Jasper - GEN-2020-088",2022-11-30,"Solar","DISIS STAGE","La Russell 161 kV Substation",150,"Jasper","Jasper",NA,"Missouri","Jasper Missouri",37.1389339599603,-94.0907479542211,-94.08088,37.13072,c(37.13072, -94.08088)
"126","GEN-2020-089",543650,"SPP","Allen/Bourbon - GEN-2020-089",2026-11-01,"Solar","DISIS STAGE","Dakota 161 kV Substation",104,"Allen","Allen",NA,"Kansas","Allen Kansas",37.9457670474593,-95.0481166970851,-95.12753,37.9894,c(37.9894, -95.12753)
"127","GEN-2020-090",533768,"SPP","Bourbon - GEN-2020-090",2026-04-01,"Solar","DISIS STAGE","Wolf Creek- Blackberry 345 kV Substation",204.3,"Bourbon","Bourbon",NA,"Kansas","Bourbon Kansas",37.3081906886054,-95.1518104114811,-95.13332,37.31624,c(37.31624, -95.13332)
"128","GEN-2020-091",659391,"SPP","McKenzie County - GEN-2020-091",2025-11-02,"Solar","DISIS STAGE","Patent Gate Substation 345 kV",150,"McKenzie","McKenzie","Alexander","North Dakota","McKenzie North Dakota",47.8802200980574,-103.435285531575,-103.39535,47.87042,c(47.87042, -103.39535)
"129","GEN-2020-092",510407,"SPP","Mayes County - GEN-2020-092",2025-11-02,"Solar","DISIS STAGE","Pryor Junction - Midwest Carbide 138kV line ",100,"Mayes County","Mayes",NA,"Oklahoma","Mayes County Oklahoma",36.2832219753442,-95.2891231685022,-95.24212,36.30052,c(36.30052, -95.24212)
"130","GEN-2020-093",661105,"SPP","Potter County - GEN-2020-093",2025-11-14,"Solar","DISIS STAGE","Whitlock Substation 230 kV",150,"Potter County","Potter",NA,"South Dakota","Potter County South Dakota",45.0205316758105,-100.283998770882,-100.24728,45.02658,c(45.02658, -100.24728)
"131","GEN-2020-094",647968,"SPP","Otoe County - GEN-2020-094",2023-04-02,"Solar","DISIS STAGE","Neb. City - 103rd & Rokeby 345 kV",250,"Syracuse","Otoe","Syracuse","Nebraska","Syracuse Nebraska",40.5578854839814,-96.1852351692125,-96.19039,40.67911,c(40.67911, -96.19039)
"132","GEN-2021-001",521049,"SPP","Durant - GEN-2021-001",2024-09-25,"Battery/Storage","DISIS STAGE","138kV Brown Substation",100,"Durant","Bryan","Durant","Oklahoma","Durant Oklahoma",34.0656587850109,-96.5881480833405,-96.50006,34.08644,c(34.08644, -96.50006)
"133","GEN-2021-002",520940,"SPP","Okeene - GEN-2021-002",2024-09-25,"Battery/Storage","DISIS STAGE","138kV Okeene Substation",100,"Okeene","Blaine","Okeene","Oklahoma","Okeene Oklahoma",36.0413723881103,-98.3116829846452,-98.41543,36.06122,c(36.06122, -98.41543)
"134","GEN-2021-003",652651,"SPP","Richland - GEN-2021-003",2023-10-15,"Solar","DISIS STAGE","Fairview 115kV Substation",75.5,"Richland","Richland",NA,"Montana","Richland Montana",47.9154864757305,-104.084097459867,-104.14083,47.87252,c(47.87252, -104.14083)
"135","GEN-2021-004",520846,"SPP",NA,2026-09-05,"Hybrid","DISIS STAGE","Sunnyside to Poolville 138kV Feeder",250,"Carter",NA,NA,"Oklahoma","Carter Oklahoma",35.2052226926893,-99.6153037129092,-99.5056465,35.2189409,c(35.2189409, -99.5056465)
"136","GEN-2021-005",533394,"SPP","Saline - GEN-2021-005",2024-11-01,"Battery/Storage","DISIS STAGE","Summit 230kV substation in Saline County, KS",350,"Saline","Saline",NA,"Kansas","Saline Kansas",38.6358188851502,-97.7838613292474,-97.5403,38.72786,c(38.72786, -97.5403)
"137","GEN-2021-006",533696,"SPP","Labette - GEN-2021-006",2025-10-01,"Battery/Storage","DISIS STAGE","Neosho 345kV substation in Labette County, KS",300,"Labette","Labette",NA,"Kansas","Labette Kansas",37.327367332257,-95.0988383774763,-95.11354,37.30469,c(37.30469, -95.11354)
"138","GEN-2021-007",640227,"SPP","Knox/Cedar - GEN-2021-007",2025-09-30,"Wind","DISIS STAGE","345kV bus of Turtle Creek Substation",600,"Knox","Knox",NA,"Nebraska","Knox Nebraska",42.124394399613,-97.4275493653133,-97.35721,42.15788,c(42.15788, -97.35721)
"139","GEN-2021-008",655841,"SPP",NA,2026-05-09,"Hybrid","DISIS STAGE","345kV Bus at BEPC Patent Gate Substation, McKenzie County, ND",270,"McKenzie",NA,NA,"North Dakota","McKenzie North Dakota",47.798296888678,-103.411107998521,-103.4122495,47.7714179,c(47.7714179, -103.4122495)
"140","GEN-2021-009",652614,"SPP","Beadle - GEN-2021-009",2025-11-01,"Battery/Storage","DISIS STAGE","Carpenter 230kV substation in Clark county, South Dakota",225,"Beadle","Beadle",NA,"South Dakota","Beadle South Dakota",44.6074531353932,-97.9858315758286,-97.92806,44.59839,c(44.59839, -97.92806)
"141","GEN-2021-010",511553,"SPP","Beckham - GEN-2021-010",2027-04-01,"Solar","DISIS STAGE","Border 345 kV interconnection substation",231,"Beckham","Beckham",NA,"Oklahoma","Beckham Oklahoma",35.18657604498,-99.9487930431483,-99.94559,35.19733,c(35.19733, -99.94559)
"142","GEN-2021-011",533376,"SPP","Cloud/Mitchell - GEN-2021-011",2027-04-01,"Solar","DISIS STAGE","Elm Creek 345 kV interconnection substation",74.9,"Cloud","Cloud",NA,"Kansas","Cloud Kansas",39.0029612284639,-97.8513963021355,-97.92185,39.32926,c(39.32926, -97.92185)
"143","GEN-2021-012",511553,"SPP","Beckham - GEN-2021-012",2023-11-15,"Battery/Storage","DISIS STAGE","Border 345 kV interconnection substation",225,"Beckham","Beckham",NA,"Oklahoma","Beckham Oklahoma",35.18657604498,-99.9487930431483,-99.92726,35.2025,c(35.2025, -99.92726)
"144","GEN-2021-013",530653,"SPP","Lincoln - GEN-2021-013",2023-11-15,"Battery/Storage","DISIS STAGE","Smoky Hills Tap 230kV",74.9,"Lincoln","Lincoln",NA,"Kansas","Lincoln Kansas",39.1223397477043,-98.4702372781793,-98.21936,39.07639,c(39.07639, -98.21936)
"145","GEN-2021-014",511459,"SPP","Beckham - GEN-2021-014",2027-04-01,"Solar","DISIS STAGE","Border 345 kV interconnection substation",231,"Beckham","Beckham",NA,"Oklahoma","Beckham Oklahoma",35.4051241377727,-99.6952245510277,-99.71172,35.39034,c(35.39034, -99.71172)
"146","GEN-2021-015",521196,"SPP","Ellis - GEN-2021-015",2027-04-01,"Solar","DISIS STAGE","Bobcat 345 kV interconnection substation",74.9,"Ellis","Ellis",NA,"Oklahoma","Ellis Oklahoma",36.2542420374653,-99.8098116621097,-99.72387,36.17997,c(36.17997, -99.72387)
"147","GEN-2021-016",514808,"SPP","Johnston/Murray - GEN-2021-016",2025-04-01,"Wind","DISIS STAGE","Sunnyside-Johnston 345 kV",250,"Johnston","Johnston",NA,"Oklahoma","Johnston Oklahoma",34.2768467202435,-96.9551579283656,-96.91355,34.33999,c(34.33999, -96.91355)
"148","GEN-2021-017",539805,"SPP","Cloud/Mitchell - GEN-2021-017",2025-04-01,"Wind","DISIS STAGE","Elm Creek 345 kV interconnection substation",74.9,"Cloud","Cloud",NA,"Kansas","Cloud Kansas",39.6679619986103,-97.7933350925409,-97.92957,39.35901,c(39.35901, -97.92957)
"149","GEN-2021-018",512749,"SPP","Noble - GEN-2021-018",2027-04-01,"Solar","DISIS STAGE","Sooner 345 kV",231,"Noble","Noble",NA,"Oklahoma","Noble Oklahoma",36.4104553527942,-96.9728814326388,-97.05503,36.44462,c(36.44462, -97.05503)
"150","GEN-2021-019",512749,"SPP","Noble - GEN-2021-019",2027-04-01,"Battery/Storage","DISIS STAGE","Sooner 345 kV",74.9,"Noble","Noble",NA,"Oklahoma","Noble Oklahoma",36.4104553527942,-96.9728814326388,-97.06113,36.44595,c(36.44595, -97.06113)
"151","GEN-2021-021",531405,"SPP","Stevens - GEN-2021-021",2026-09-01,"Wind","DISIS STAGE","Carpenter 345 kV Substation",150,"Stevens","Stevens",NA,"Kansas","Stevens Kansas",37.1679909550588,-101.290522117032,-101.28201,37.15284,c(37.15284, -101.28201)
"152","GEN-2021-022",982137,"SPP","Kiowa - GEN-2021-022",2026-09-01,"Wind","DISIS STAGE","Greensburg 115 kV Substation",75,"Kiowa","Kiowa",NA,"Kansas","Kiowa Kansas",37.4869164590596,-99.1503614525051,-99.29244,37.54711,c(37.54711, -99.29244)
"153","GEN-2021-023",533063,"SPP","Grant - GEN-2021-023",2026-09-30,"Solar","DISIS STAGE","Wild Plains 345kV Substation",306.18,"Grant","Grant",NA,"Kansas","Grant Kansas",37.3603212363287,-97.2207849487932,-97.20073,37.31618,c(37.31618, -97.20073)
"154","GEN-2021-024",977232,"SPP","LaMoure - GEN-2021-024",2026-10-22,"Wind","DISIS STAGE","WAPA 230kV Jamestown Substation",203.04,"LaMoure","LaMoure",NA,"North Dakota","LaMoure North Dakota",46.8616029155424,-98.6863145521077,-98.68567,46.85506,c(46.85506, -98.68567)
"155","GEN-2021-025",520848,"SPP","Woodward - GEN-2021-025",2025-10-31,"Wind","DISIS STAGE","Western Farmers 138kV Mooreland Substation",203.04,"Woodward","Woodward",NA,"Oklahoma","Woodward Oklahoma",36.3770449214091,-99.1164433346455,-99.20119,36.44147,c(36.44147, -99.20119)
"156","GEN-2021-026",547576,"SPP","Newton - GEN-2021-026",2026-10-31,"Solar","DISIS STAGE","Line tap Wolf Creek-Blackberry 345 kV",200,"Barton","Newton",NA,"Missouri","Barton Missouri",37.1540033718107,-93.4335159317147,-93.43973,37.17521,c(37.17521, -93.43973)
"157","GEN-2021-027",650244,"SPP","Lancaster - GEN-2021-027",2026-10-31,"Solar","DISIS STAGE","Sheldon 115 kV Substation",102.06,"Lancaster","Lancaster",NA,"Nebraska","Lancaster Nebraska",40.6786631909324,-96.776591507111,-96.78951,40.57635,c(40.57635, -96.78951)
"158","GEN-2021-028",520848,"SPP","Woodward - GEN-2021-028",2027-03-10,"Solar","DISIS STAGE","Western Farmers 138kV Mooreland Substation",204.12,"Woodward","Woodward",NA,"Oklahoma","Woodward Oklahoma",36.3770449214091,-99.1164433346455,-99.23271,36.44991,c(36.44991, -99.23271)
"159","GEN-2021-029",542981,"SPP","Linn - GEN-2021-029",2026-09-28,"Battery/Storage","DISIS STAGE","Evergy 345kV La Cygne Substation",253.2,"Linn","Linn",NA,"Kansas","Linn Kansas",38.3463509585391,-94.6356092540604,-94.63774,38.3472,c(38.3472, -94.63774)
"160","GEN-2021-030",542981,"SPP","Linn - GEN-2021-030",2026-09-28,"Solar","DISIS STAGE","Evergy 345kV La Cygne Substation",510.3,"Linn","Linn",NA,"Kansas","Linn Kansas",38.3463509585391,-94.6356092540604,-94.61572,38.35373,c(38.35373, -94.61572)
"161","GEN-2021-031",510917,"SPP","Choctaw - GEN-2021-031",2023-09-30,"Battery/Storage","DISIS STAGE","Western Farmers 138kV Hugo Substation",201.6,"Choctaw","Choctaw",NA,"Oklahoma","Choctaw Oklahoma",34.0585456343228,-95.3558025063969,-95.31429,34.02107,c(34.02107, -95.31429)
"162","GEN-2021-032",510917,"SPP","Choctaw - GEN-2021-032",2023-09-30,"Solar","DISIS STAGE","Western Farmers 138kV Hugo Substation",149.8,"Choctaw","Choctaw",NA,"Oklahoma","Choctaw Oklahoma",34.0585456343228,-95.3558025063969,-95.30658,33.99936,c(33.99936, -95.30658)
"163","GEN-2021-033",515313,"SPP","Franklin - GEN-2021-033",2026-10-31,"Solar","DISIS STAGE","161kV Branch substation",204.12,"Franklin","Franklin",NA,"Arkansas","Franklin Arkansas",35.2972442449338,-93.8988361572459,-93.93372,35.30356,c(35.30356, -93.93372)
"164","GEN-2021-034",650242,"SPP","Lancaster - GEN-2021-034",2027-10-31,"Solar","DISIS STAGE","Rokeby 115 kV Substation",113,"Dawson","Lancaster",NA,"Nebraska","Dawson Nebraska",40.7281232453226,-96.7323297161181,-96.73787,40.72188,c(40.72188, -96.73787)
"165","GEN-2021-035",531202,"SPP","Grant - GEN-2021-035",2025-10-29,"Solar","DISIS STAGE","Tap Sunflower Santana 115kV Transmission Line",113,"Grant","Grant",NA,"Kansas","Grant Kansas",37.5495774450728,-101.047508109909,-101.05792,37.60082,c(37.60082, -101.05792)
"166","GEN-2021-036",504124,"SPP","Little River - GEN-2021-036",2025-10-29,"Solar","DISIS STAGE","Craig to Patterson 138 kV Transmission Line",204.12,"Little River","Little River",NA,"Arkansas","Little River Arkansas",33.7233211773381,-94.188391073318,-94.18254,33.70295,c(33.70295, -94.18254)
"167","GEN-2021-038",928001,"SPP","Titus - GEN-2021-038",2026-02-01,"Battery/Storage","DISIS STAGE","Welsh 345kV Substation",200,"Titus","Titus",NA,"Texas","Titus Texas",33.0714518922929,-94.8619296733934,-94.84605,33.06047,c(33.06047, -94.84605)
"168","GEN-2021-039",635010,"SPP","Cass - GEN-2021-039",2025-02-01,"Battery/Storage","DISIS STAGE","OPPD District, North Omaha Power Plant Substation, 161kV Bus (S1211 Substation)",100,"Cass","Cass",NA,"Nebraska","Cass Nebraska",41.3553633211766,-95.9252488278093,-95.94344,41.32956,c(41.32956, -95.94344)
"169","GEN-2021-040",645041,"SPP","Cass - GEN-2021-040",2025-02-01,"Battery/Storage","DISIS STAGE","OPPD District, Cass County Power Plant Substation, 345kV Bus",200,"Cass","Cass",NA,"Nebraska","Cass Nebraska",40.8581267915992,-96.0739102911398,-95.97036,40.94726,c(40.94726, -95.97036)
"170","GEN-2021-041",955087,"SPP","Canadian - GEN-2021-041",2025-02-01,"Battery/Storage","DISIS STAGE","Mustang 138kV Substation",100,"Canadian","Canadian",NA,"Oklahoma","Canadian Oklahoma",35.4722537565598,-97.6759564169069,-97.67535,35.47171,c(35.47171, -97.67535)
"171","GEN-2021-042",548807,"SPP","Jackson  - GEN-2021-042",2025-02-01,"Battery/Storage","DISIS STAGE","Independence Power & Light, Blue Valley Substation, 161kV Bus",50,"Jackson ","Jackson",NA,"Missouri","Jackson  Missouri",39.0924559998527,-94.3267490924505,-94.32435,39.09505,c(39.09505, -94.32435)
"172","GEN-2021-043",650092,"SPP","Lancaster - GEN-2021-043",2026-02-01,"Battery/Storage","DISIS STAGE","8000 SW 12th (Rokeby) Station, 115kV Bus",250,"Lancaster","Lancaster",NA,"Nebraska","Lancaster Nebraska",40.731906393281,-96.7387954789602,-96.73622,40.73054,c(40.73054, -96.73622)
"173","GEN-2021-047",510426,"SPP","Mayes - GEN-2021-047",2026-03-01,"Solar","DISIS STAGE","Tulsa North - Grand River Energy Center Tap 345 kV Line",250,"Mayes","Mayes",NA,"Oklahoma","Mayes Oklahoma",36.0872895257965,-95.3368861941606,-95.3428,36.10934,c(36.10934, -95.3428)
"174","GEN-2021-048",650267,"SPP","Lancaster - GEN-2021-048",2025-07-31,"Battery/Storage","DISIS STAGE","Wagener 115kV Substation",75,"Lancaster","Lancaster",NA,"Nebraska","Lancaster Nebraska",40.8400758904838,-96.5497253043533,-96.54878,40.83986,c(40.83986, -96.54878)
"175","GEN-2021-049",650267,"SPP","Lancaster - GEN-2021-049",2025-07-31,"Solar","DISIS STAGE","Wagener 115kV Substation",250,"Lancaster","Lancaster",NA,"Nebraska","Lancaster Nebraska",40.8400758904838,-96.5497253043533,-96.52792,40.84153,c(40.84153, -96.52792)
"176","GEN-2021-050",300703,"SPP","Henry - GEN-2021-050",2025-07-31,"Solar","DISIS STAGE","161kV Stilwell-Clinton Line",200,"Henry","Henry",NA,"Missouri","Henry Missouri",38.297788062,-93.8634444248,-93.88405,38.30694,c(38.30694, -93.88405)
"177","GEN-2021-051",300703,"SPP","Henry - GEN-2021-051",2025-07-31,"Battery/Storage","DISIS STAGE","161kV Stilwell-Clinton Line",75,"Henry","Henry",NA,"Missouri","Henry Missouri",38.297788062,-93.8634444248,-93.93856,38.3137,c(38.3137, -93.93856)
"178","GEN-2021-063",510878,"SPP",NA,2025-10-25,"Hybrid","DISIS STAGE","Craig JCT 138kV",155,"McCurtain",NA,NA,"Oklahoma","McCurtain Oklahoma",35.0249440071948,-94.8822984889463,-94.9707891,35.1498196,c(35.1498196, -94.9707891)
"179","GEN-2021-064",515154,"SPP",NA,2025-10-25,"Hybrid","DISIS STAGE","Carnegie South 138kV",100,"Caddo",NA,NA,"Oklahoma","Caddo Oklahoma",34.1651143385188,-96.368123541299,-96.2633229,34.1267595,c(34.1267595, -96.2633229)
"180","GEN-2021-067",510379,"SPP",NA,2025-10-25,"Hybrid","DISIS STAGE","Tap Grove - Jay 138kV",100,"Delaware",NA,NA,"Oklahoma","Delaware Oklahoma",36.8066127958424,-95.6881643275708,-95.6394227,36.7786985,c(36.7786985, -95.6394227)
"181","GEN-2021-068",539771,"SPP","Hodgeman/Ford - GEN-2021-068",2025-09-01,"Wind","DISIS STAGE","SUNC Spearville - Holcomb 345kV",249.6,"Hodgeman","Hodgeman",NA,"Kansas","Hodgeman Kansas",37.8968862017051,-100.180537724217,-100.14113,37.88214,c(37.88214, -100.14113)
"182","GEN-2021-069",539771,"SPP","Hodgeman/Ford - GEN-2021-069",2027-08-01,"Wind","DISIS STAGE","SUNC Spearville - Holcomb 345kV",249.6,"Hodgeman","Hodgeman",NA,"Kansas","Hodgeman Kansas",37.8968862017051,-100.180537724217,-100.11686,37.87714,c(37.87714, -100.11686)
"183","GEN-2021-070",539816,"SPP","Hodgeman/Ford - GEN-2021-070",2027-08-01,"Wind","DISIS STAGE","SUNC Spearville - Holcomb 345kV",504,"Hodgeman","Hodgeman",NA,"Kansas","Hodgeman Kansas",37.799392397283,-100.048638193547,-100.11363,37.84329,c(37.84329, -100.11363)
"184","GEN-2021-071",300840,"SPP","Noble - GEN-2021-071",2025-09-01,"Wind","DISIS STAGE","OKGE Sooner 345kV line",403.2,"Noble","Noble",NA,"Oklahoma","Noble Oklahoma",36.1287306950171,-97.2985255363534,-97.29867,36.19197,c(36.19197, -97.29867)
"185","GEN-2021-072",659199,"SPP","Mercer - GEN-2021-072",2024-06-01,"Solar","DISIS STAGE","345kV Transmission Line from Antelope Valley to Leland Olds Substation",600,"Mercer","Mercer",NA,"North Dakota","Mercer North Dakota",47.2921671287518,-101.48906683861,-101.5538,47.36072,c(47.36072, -101.5538)
"186","GEN-2021-073",531372,"SPP","Lincoln - GEN-2021-073",2024-06-01,"Solar","DISIS STAGE","Tap on the Sweetwater to Gerald Gentleman 345 kV Line",240,"Lincoln","Lincoln",NA,"Nebraska","Lincoln Nebraska",41.0428596613159,-101.138300157219,-101.13432,41.06612,c(41.06612, -101.13432)
"187","GEN-2021-075",508286,"SPP","Harvard - GEN-2021-075",2026-07-01,"Solar","DISIS STAGE","CAMPCOR4 138kV ",300,"Harvard","Camp","Harvard","Texas","Harvard Texas",33.0557265137321,-95.0071031854418,-94.97443,33.06226,c(33.06226, -94.97443)
"188","GEN-2021-076",530579,"SPP","Ellis - GEN-2021-076",2025-04-30,"Solar","DISIS STAGE","Midwest Post Rock 230 kV Substation",113,"Ellis","Ellis",NA,"Kansas","Ellis Kansas",38.9487592579438,-99.3734984331603,-99.37334,38.92939,c(38.92939, -99.37334)
"189","GEN-2021-077",541217,"SPP","Pettis - GEN-2021-077",2025-07-01,"Solar","DISIS STAGE","Windsor to AEC Sedalia 161 kV",150,"Pettis","Pettis",NA,"Missouri","Pettis Missouri",38.5144688140694,-93.5516322062786,-93.49674,38.52251,c(38.52251, -93.49674)
"190","GEN-2021-078",531408,"SPP",NA,2027-10-15,"Hybrid","DISIS STAGE","Pierceville – Plymell 115kV",160,"Finney",NA,NA,"Kansas","Finney Kansas",38.0399305741413,-100.900296385705,-100.8903099,38.0625252,c(38.0625252, -100.8903099)
"191","GEN-2021-079",510379,"SPP",NA,2023-07-31,"Hybrid","DISIS STAGE","Flint Creek to Tonnece 345 kV",140,"Delaware ",NA,NA,"Oklahoma","Delaware  Oklahoma",36.8066127958424,-95.6881643275708,-95.6394227,36.7786985,c(36.7786985, -95.6394227)
"192","GEN-2021-080",527881,"SPP","Lea - GEN-2021-080",2024-07-01,"Solar","DISIS STAGE","SPP / Lea County Electric Cooperative (LE) 69 kV",100,"Lea","Lea",NA,"New Mexico","Lea New Mexico",32.7106667530268,-103.353878833304,-103.62309,32.84295,c(32.84295, -103.62309)
"193","GEN-2021-081",527881,"SPP","Lea - GEN-2021-081",2024-04-01,"Solar","DISIS STAGE","SPP / Lea County Electric Cooperative (LE) 69 kV transmission line",55,"Lea","Lea",NA,"New Mexico","Lea New Mexico",32.7106667530268,-103.353878833304,-103.60357,32.81199,c(32.81199, -103.60357)
"194","GEN-2021-082",527056,"SPP","Lea - GEN-2021-082",2024-07-01,"Solar","DISIS STAGE","LE 69 kV Lewis substation",80,"Lea","Lea",NA,"New Mexico","Lea New Mexico",33.155210540619,-102.922026724501,-103.07144,33.1811,c(33.1811, -103.07144)
"195","GEN-2021-083",528406,"SPP","Chaves - GEN-2021-083",2024-07-01,"Solar","DISIS STAGE","SPP / Central Valley Electric Cooperative (CV) 69 kV transmission line",100,"Chaves","Chaves",NA,"New Mexico","Chaves New Mexico",32.9686507269598,-104.557138215738,-104.44254,33.17845,c(33.17845, -104.44254)
"196","GEN-2021-084",973092,"SPP",NA,2027-10-15,"Hybrid","DISIS STAGE","Williamson - Fletcher 115kV",200,"Kearney",NA,NA,"Kansas","Kearney Kansas",38.1745584133781,-101.181399156943,-101.2523792,38.0281402,c(38.0281402, -101.2523792)
"197","GEN-2021-085",539763,"SPP",NA,2027-10-15,"Hybrid","DISIS STAGE","Crooked Creek - Fort Dodge 115kV",200,"Ford",NA,NA,"Kansas","Ford Kansas",37.7563619900883,-99.6845578660691,-99.7540159,37.6361315,c(37.6361315, -99.7540159)
"198","GEN-2021-086",507437,"SPP",NA,2027-10-15,"Hybrid","DISIS STAGE","Okay - Turk 138kV",165,"Howard",NA,NA,"Arkansas","Howard Arkansas",34.1217740320476,-94.0238558591196,-94.028678,34.1318213,c(34.1318213, -94.028678)
"199","GEN-2021-087",530618,"SPP",NA,2027-10-15,"Hybrid","DISIS STAGE","Walkemeyer - North Cimarron 115kV",185,"Seward",NA,NA,"Kansas","Seward Kansas",38.2134314049122,-98.5865910293712,-98.7948107,38.1777913,c(38.1777913, -98.7948107)
"200","GEN-2021-088",512876,"SPP",NA,2024-09-23,"Battery/Storage","DISIS STAGE","138 kV Canadian Switch Station",100,"Cleveland",NA,NA,"Oklahoma","Cleveland Oklahoma",36.3085069422599,-96.5179524054967,-96.4641886,36.3100688,c(36.3100688, -96.4641886)
"201","GEN-2021-093",515095,"SPP",NA,2023-06-01,"Thermal","DISIS STAGE","Tinker",109,"Oklahoma ",NA,NA,"Oklahoma","Oklahoma  Oklahoma",34.9933248147311,-97.1029009238075,-97.092877,35.0077519,c(35.0077519, -97.092877)
"202","GEN-2021-096",982077,"SPP","Coffey - GEN-2021-096",2026-05-01,"Solar","DISIS STAGE","Wolf Creek - Benton 345 kV",503.5,"Coffey","Coffey",NA,"Kansas","Coffey Kansas",38.2451214885217,-95.6804017103749,-95.77163,38.2208,c(38.2208, -95.77163)
"203","GEN-2021-097",527656,"SPP","Roosevelt - GEN-2021-097",2026-07-01,"Hybrid","DISIS STAGE","Hisel 230 kV Substation/Existing SPS San Juan Mesa Substation",300,"Elida ","Roosevelt","Elida","New Mexico","Elida  New Mexico",33.9942411382789,-103.817687507121,-103.76223,33.97588,c(33.97588, -103.76223)
"204","GEN-2021-098",515448,"SPP","Dewey - GEN-2021-098",2026-07-01,"Wind","DISIS STAGE","Dewey District 138 kV Substation",300,"Dewey","Dewey",NA,"Oklahoma","Dewey Oklahoma",36.0907610719452,-98.972987841149,-98.94307,36.13219,c(36.13219, -98.94307)
"205","GEN-2021-100",952449,"SPP",NA,2026-09-15,"Hybrid","DISIS STAGE","Line side tap using single breaker on Beulah to Center 42kV Feeder",50,"Mercer",NA,NA,"North Dakota","Mercer North Dakota",47.6643240836489,-100.907629387408,-100.7433009,47.4769315,c(47.4769315, -100.7433009)
"206","GEN-2021-101",533260,"SPP","Douglas - GEN-2021-101",2025-08-01,"Solar","DISIS STAGE","Evergy's Midland Substation 115kV bus",159,"Douglas","Douglas",NA,"Kansas","Douglas Kansas",39.0326729140027,-95.2462008250312,-95.23965,39.0518,c(39.0518, -95.23965)
"207","GEN-2021-102",533260,"SPP","Douglas - GEN-2021-102",2025-08-01,"Battery/Storage","DISIS STAGE","Evergy's Midland Substation 115kV bus",80,"Douglas","Douglas",NA,"Kansas","Douglas Kansas",39.0326729140027,-95.2462008250312,-95.24261,39.03634,c(39.03634, -95.24261)
"208","GEN-2021-103",533281,"SPP","Johnson - GEN-2021-103",2025-08-01,"Battery/Storage","DISIS STAGE","Evergy's Atlantic Substation115kV bus",150,"Johnson","Johnson",NA,"Kansas","Johnson Kansas",38.988145528094,-94.9008622945483,-94.95166,38.95116,c(38.95116, -94.95166)
"209","GEN-2021-104",508807,"SPP",NA,2026-09-05,"Hybrid","DISIS STAGE","Direct Injection at 138kV buss at Red Point Substation",100,"Bossier",NA,NA,"Louisiana","Bossier Louisiana",32.6991321126697,-93.710005783541,-93.6623239,32.7551322,c(32.7551322, -93.6623239)
"210","GEN-2021-105",531372,"SPP","Lincoln - GEN-2021-105",2026-09-05,"Solar","DISIS STAGE","Line side tap using three breaker ring bus on 230kV Feeder from Gerald Gentleman to North Platte",200,"Lincoln","Lincoln",NA,"Nebraska","Lincoln Nebraska",41.0428596613159,-101.138300157219,-100.90626,41.05756,c(41.05756, -100.90626)
"211","GEN-2021-106",539636,"SPP","Thayer - GEN-2021-106",2026-10-30,"Solar","DISIS STAGE","Hebron 115Kv substation",102.06,"Thayer","Thayer",NA,"Nebraska","Thayer Nebraska",40.140382897948,-97.6855159109526,-97.56993,40.18091,c(40.18091, -97.56993)
"212","GEN-2021-107",532806,"SPP","Pottawatomie - GEN-2021-107",2026-10-01,"Solar","DISIS STAGE","Evergy 345kV Jeffrey Energy Center",201.6,"Pottawatomie","Pottawatomie",NA,"Kansas","Pottawatomie Kansas",39.3236137429374,-96.2227946066956,-96.11503,39.28298,c(39.28298, -96.11503)
"213","GEN-2021-108",645041,"SPP","Cass - GEN-2021-108",2025-05-27,"Solar","DISIS STAGE","OPPD 345KV Cass County Substation",182.25,"Cass","Cass",NA,"Nebraska","Cass Nebraska",40.8581267915992,-96.0739102911398,-95.96484,40.95621,c(40.95621, -95.96484)
"214","GEN-2022-001",512624,"SPP",NA,2025-09-23,"Battery/Storage","DISIS STAGE","Line tap of Catoosa-Elm Creek line approximately 0.75 miles NW of Catoosa substation",100,"Rogers",NA,NA,"Oklahoma","Rogers Oklahoma",36.3987825236831,-95.6821872735995,-95.6457951,36.3898068,c(36.3898068, -95.6457951)
"215","GEN-2022-002",531407,"SPP","Finney - GEN-2022-002",2025-06-30,"Solar","DISIS STAGE","Holcomb-Setab 345 kV Tap Line",150,"Finney","Finney",NA,"Kansas","Finney Kansas",38.0295806509588,-100.729593437726,-100.73693,38.04436,c(38.04436, -100.73693)
"216","GEN-2022-003",520803,"SPP","Jackson - GEN-2022-003",2025-06-30,"Solar","DISIS STAGE","Russell 138 kV Substation",125,"Jackson","Jackson",NA,"Oklahoma","Jackson Oklahoma",34.6456669473053,-99.5587858010374,-99.5183,34.66226,c(34.66226, -99.5183)
"217","GEN-2022-004",533825,"SPP","Sedgwick - GEN-2022-004",2025-08-01,"Solar","DISIS STAGE","Murray Gill 138 kV Substation",33,"Sedgwick","Sedgwick",NA,"Kansas","Sedgwick Kansas",37.6141615256151,-97.3965218259136,-97.40093,37.60763,c(37.60763, -97.40093)
"218","GEN-2022-005",533005,"SPP","Labette - GEN-2022-005",2025-04-01,"Solar","DISIS STAGE","Northeast Parsons 138kV SubstationEPARSN4)",200,"Labette","Labette",NA,"Kansas","Labette Kansas",37.3676889811945,-95.2937916228611,-95.24499,37.37273,c(37.37273, -95.24499)
"219","GEN-2022-006",533704,"SPP",NA,2025-04-01,"Solar","DISIS STAGE","Neosho 161 kV Substation (532937 NEOSHO 5)",200,"Labette",NA,NA,"Kansas","Labette Kansas",37.2343213300979,-95.1908398591403,-95.1835788,37.2306195,c(37.2306195, -95.1835788)
"220","GEN-2022-007",532742,"SPP","Lyon - GEN-2022-007",2025-05-01,"Solar","DISIS STAGE","Lang 115 kV Substation (533304 LANG 3)",135,"Lyon","Lyon",NA,"Kansas","Lyon Kansas",38.449648313282,-96.1605098921859,-96.08321,38.45332,c(38.45332, -96.08321)
"221","GEN-2022-008",524345,"SPP","Randall - GEN-2022-008",2025-01-01,"Solar","DISIS STAGE","Nichols - Amarillo South 230 kV",150,"Randall","Randall",NA,"Texas","Randall Texas",35.1326120715917,-101.779116291253,-101.78201,35.11374,c(35.11374, -101.78201)
"222","GEN-2022-009",659364,"SPP",NA,2023-07-01,"Thermal","DISIS STAGE","Judson Substation 345 kV",125,"Williams",NA,NA,"North Dakota","Williams North Dakota",48.3499622380812,-103.320716299651,-103.2923954,48.432044,c(48.432044, -103.2923954)
"223","GEN-2022-010",659364,"SPP",NA,2023-07-01,"Thermal","DISIS STAGE","Judson Substation 345 kV",250,"Williams",NA,NA,"North Dakota","Williams North Dakota",48.3499622380812,-103.320716299651,-103.2923954,48.432044,c(48.432044, -103.2923954)
"224","GEN-2022-011",652425,"SPP","Stark - GEN-2022-011",2024-06-01,"Solar","DISIS STAGE","230kV Daglum Substation",374,"Stark","Stark",NA,"North Dakota","Stark North Dakota",46.8146747980053,-102.983780234656,-103.02953,46.69489,c(46.69489, -103.02953)
"225","GEN-2022-012",652425,"SPP","Stark - GEN-2022-012",2024-06-01,"Battery/Storage","DISIS STAGE","230kV Daglum Substation",100,"Stark","Stark",NA,"North Dakota","Stark North Dakota",46.8146747980053,-102.983780234656,-103.03433,46.6502,c(46.6502, -103.03433)
"226","GEN-2022-013",533588,"SPP","Butler - GEN-2022-013",2024-06-01,"Solar","DISIS STAGE","Tap of Wichita-Lang 345kV line",300,"Butler","Butler",NA,"Kansas","Butler Kansas",37.9008475864792,-96.9648952508404,-96.83908,37.78128,c(37.78128, -96.83908)
"227","GEN-2022-014",533588,"SPP",NA,2024-06-01,"Hybrid","DISIS STAGE","Tap of Wichita-Lang 345kV line",400,"Butler",NA,NA,"Kansas","Butler Kansas",37.9008475864792,-96.9648952508404,-96.8350999,37.8649441,c(37.8649441, -96.8350999)
"228","GEN-2022-015",533588,"SPP","Butler - GEN-2022-015",2024-06-01,"Solar","DISIS STAGE","Tap of Wichita-Lang 345kV line",300,"Butler","Butler",NA,"Kansas","Butler Kansas",37.9008475864792,-96.9648952508404,-96.83908,37.78128,c(37.78128, -96.83908)
"229","GEN-2022-016",520425,"SPP","Woodward - GEN-2022-016",2024-06-01,"Solar","DISIS STAGE","Woodward 345kV Substation",288,"Woodward","Woodward",NA,"Oklahoma","Woodward Oklahoma",36.3137907987324,-99.3274908819803,-99.37496,36.29992,c(36.29992, -99.37496)
"230","GEN-2022-017",520425,"SPP","Woodward - GEN-2022-017",2024-06-06,"Battery/Storage","DISIS STAGE","Woodward 345kV Substation",150,"Woodward","Woodward",NA,"Oklahoma","Woodward Oklahoma",36.3137907987324,-99.3274908819803,-99.36828,36.31129,c(36.31129, -99.36828)
"231","GEN-2022-018",652525,"SPP","Knox - GEN-2022-018",2024-06-01,"Solar","DISIS STAGE","Tap of Grand Prairie--Ft Thompson 345kV line",250,"Knox","Knox",NA,"Nebraska","Knox Nebraska",43.0511117674977,-98.329069081517,-98.3687,42.72728,c(42.72728, -98.3687)
"232","GEN-2022-019",640418,"SPP","Knox - GEN-2022-019",2024-06-01,"Battery/Storage","DISIS STAGE","Tap of Grand Prairie--Ft Thompson 345kV line",100,"Knox","Knox",NA,"Nebraska","Knox Nebraska",42.7161055264679,-97.748308268585,-97.88973,42.63805,c(42.63805, -97.88973)
"233","GEN-2022-020",659411,"SPP","Walworth - GEN-2022-020",2024-06-01,"Solar","DISIS STAGE","Tap of Ft Thompson--Leland 345kV line",355,"Walworth","Walworth",NA,"South Dakota","Walworth South Dakota",45.4437269799514,-99.9568732037694,-100.03157,45.42991,c(45.42991, -100.03157)
"234","GEN-2022-021",659411,"SPP","Walworth - GEN-2022-021",2024-06-01,"Battery/Storage","DISIS STAGE","Tap of Ft Thompson--Leland 345kV line",100,"Walworth","Walworth",NA,"South Dakota","Walworth South Dakota",45.4437269799514,-99.9568732037694,-100.03157,45.42991,c(45.42991, -100.03157)
"235","GEN-2022-022",527656,"SPP","Chavez - GEN-2022-022",2024-06-01,"Solar","DISIS STAGE","San Juan Tap 230kv substation",300,"Chavez","Chaves",NA,"New Mexico","Chavez New Mexico",33.9942411382789,-103.817687507121,-103.83125,34.01116,c(34.01116, -103.83125)
"236","GEN-2022-023",527656,"SPP","Chavez - GEN-2022-023",2024-06-01,"Battery/Storage","DISIS STAGE","San Juan Tap 230kv substation",175,"Chavez","Chaves",NA,"New Mexico","Chavez New Mexico",33.9942411382789,-103.817687507121,-103.85906,33.99232,c(33.99232, -103.85906)
"237","GEN-2022-024",530560,"SPP","Decatur - GEN-2022-024",2024-06-01,"Battery/Storage","DISIS STAGE","Tap of Mingo--Red Willow 345kV line",200,"Decatur","Decatur",NA,"Kansas","Decatur Kansas",39.7312883103629,-100.455845784398,-100.75181,39.82242,c(39.82242, -100.75181)
"238","GEN-2022-025",530560,"SPP","Decatur - GEN-2022-025",2024-06-01,"Solar","DISIS STAGE","Tap of Mingo--Red Willow 345kV line",200,"Decatur","Decatur",NA,"Kansas","Decatur Kansas",39.7312883103629,-100.455845784398,-100.75447,39.81199,c(39.81199, -100.75447)
"239","GEN-2022-026",530560,"SPP","Decatur - GEN-2022-026",2024-06-01,"Solar","DISIS STAGE","Tap of Mingo--Red Willow 345kV line",200,"Decatur","Decatur",NA,"Kansas","Decatur Kansas",39.7312883103629,-100.455845784398,-100.75655,39.83971,c(39.83971, -100.75655)
"240","GEN-2022-027",526012,"SPP","Cochran - GEN-2022-027",2025-01-01,"Battery/Storage","DISIS STAGE","Lehman 115 kV Substation",55,"Cochran","Cochran",NA,"Texas","Cochran Texas",33.5041326121354,-102.750688441298,-102.83324,33.4742,c(33.4742, -102.83324)
"241","GEN-2022-028",531351,"SPP","Cheyenne - GEN-2022-028",2025-01-01,"Solar","DISIS STAGE","Sidney - Stegall 230 kV",125,"Cheyenne","Cheyenne",NA,"Nebraska","Cheyenne Nebraska",41.3221861898366,-102.781057501885,-102.991,41.24115,c(41.24115, -102.991)
"242","GEN-2022-029",528333,"SPP",NA,2027-10-01,"Hybrid","DISIS STAGE","Tap of Hobbs - Kiowa 345 kV Transmission Line ",250,"Lea",NA,NA,"New Mexico","Lea New Mexico",33.0163841594079,-103.295271157926,-103.3587288,32.8968816,c(32.8968816, -103.3587288)
"243","GEN-2022-030",528333,"SPP",NA,2027-10-01,"Hybrid","DISIS STAGE","Tap of Hobbs - Kiowa 345 kV Transmission Line",250,"Lea",NA,NA,"New Mexico","Lea New Mexico",33.0163841594079,-103.295271157926,-103.3587288,32.8968816,c(32.8968816, -103.3587288)
"244","GEN-2022-031",541235,"SPP","Jackson County - GEN-2022-031",2025-09-30,"Battery/Storage","DISIS STAGE","Duncan Road 161 kV Substation",100,"Jackson County","Jackson",NA,"Missouri","Jackson County Missouri",39.0382400758455,-94.2325915645392,-94.22492,39.03221,c(39.03221, -94.22492)
"245","GEN-2022-032",531356,"SPP","Kimball - GEN-2022-032",2025-01-01,"Solar","DISIS STAGE","Laramie-Sidney 345 kV",155,"Kimball","Kimball",NA,"Nebraska","Kimball Nebraska",41.403666312713,-103.458880321236,-103.42191,41.29672,c(41.29672, -103.42191)
"246","GEN-2022-033",528406,"SPP",NA,2025-11-15,"Hybrid","DISIS STAGE","North Eddy - Chaves 230kV line",200,"Chaves",NA,NA,"New Mexico","Chaves New Mexico",32.9686507269598,-104.557138215738,-104.4723301,33.4757392,c(33.4757392, -104.4723301)
"247","GEN-2022-034",659121,"SPP","Union - GEN-2022-034",2025-04-01,"Wind","DISIS STAGE","Spring Mound Station",300,"Union","Union",NA,"South Dakota","Union South Dakota",42.9091844760738,-97.0157820950683,-96.99179,42.89242,c(42.89242, -96.99179)
"248","GEN-2022-035",525440,"SPP","Lamb - GEN-2022-035",2025-04-01,"Wind","DISIS STAGE","Tolk 345 kV Substation",300,"Lamb","Lamb",NA,"Texas","Lamb Texas",34.1174422886432,-102.538054477188,-102.57467,34.16266,c(34.16266, -102.57467)
"249","GEN-2022-036",525298,"SPP","Lamb - GEN-2022-036",2025-04-01,"Solar","DISIS STAGE","Tolk 345 kV Substation",1000,"Lamb","Lamb",NA,"Texas","Lamb Texas",34.1694526110158,-102.638348346643,-102.58129,34.1825,c(34.1825, -102.58129)
"250","GEN-2022-037",655952,"SPP","Burke - GEN-2022-037",2025-04-01,"Wind","DISIS STAGE","Pioneer 115 kV Substation",181,"Burke","Burke",NA,"North Dakota","Burke North Dakota",48.3981374777171,-102.866686410276,-102.88505,48.41244,c(48.41244, -102.88505)
"251","GEN-2022-038",508825,"SPP","Harrison - GEN-2022-038",2025-04-01,"Solar","DISIS STAGE","Longwood to Marshall 138 kV line",200,"Harrison","Harrison",NA,"Texas","Harrison Texas",32.5422672486204,-94.1418435422152,-94.07275,32.56642,c(32.56642, -94.07275)
"252","GEN-2022-039",640558,"SPP","Gage - GEN-2022-039",2025-04-01,"Wind","DISIS STAGE","Steele City 115 kV Substation",185,"Gage","Gage",NA,"Nebraska","Gage Nebraska",40.1449265148521,-97.1215356362656,-96.98269,40.04139,c(40.04139, -96.98269)
"253","GEN-2022-040",520981,"SPP","Stephens - GEN-2022-040",2025-04-01,"Solar","DISIS STAGE","Comanche Switching Station ",250,"Stephens","Stephens",NA,"Oklahoma","Stephens Oklahoma",34.3299279619524,-97.9862663738124,-97.99087,34.33767,c(34.33767, -97.99087)
"254","GEN-2022-041",533562,"SPP","Cowley - GEN-2022-041",2025-04-01,"Solar","DISIS STAGE","Tie Substation 69 kV",100,"Cowley","Cowley",NA,"Kansas","Cowley Kansas",37.2249655871214,-97.2002402173562,-97.00323,37.21189,c(37.21189, -97.00323)
"255","GEN-2022-042",515932,"SPP","Carter - GEN-2022-042",2025-04-01,"Solar","DISIS STAGE","Sunnyside to Pooleville 138 kV line",174,"Carter","Carter",NA,"Oklahoma","Carter Oklahoma",34.1859549024489,-97.2523129600524,-97.27803,34.22716,c(34.22716, -97.27803)
"256","GEN-2022-043",973015,"SPP","Briscoe - GEN-2022-043",2025-04-01,"Solar","DISIS STAGE","Tule Canyon (Silverton) 345kV Substation",200,"Briscoe","Briscoe",NA,"Texas","Briscoe Texas",34.1552061948695,-101.699379123939,-101.36665,34.42695,c(34.42695, -101.36665)
"257","GEN-2022-044",640363,"SPP","Wayne/Pierce - GEN-2022-044",2025-04-01,"Battery/Storage","DISIS STAGE","Hoskins 345 kV",80,"Wayne","Wayne",NA,"Nebraska","Wayne Nebraska",42.0631971293197,-97.3332539647246,-97.35908,42.07359,c(42.07359, -97.35908)
"258","GEN-2022-045",520466,"SPP","Little River - GEN-2022-045",2025-04-01,"Battery/Storage","DISIS STAGE","South Foreman",200,"Little River","Little River",NA,"Arkansas","Little River Arkansas",33.7680959267405,-94.4369771037892,-94.38893,33.70587,c(33.70587, -94.38893)
"259","GEN-2022-046",640206,"SPP","Webster/Franklin - GEN-2022-046",2025-04-01,"Battery/Storage","DISIS STAGE","Axtell to Post Rock 345 kV Line Tap",150,"Webster","Webster",NA,"Nebraska","Webster Nebraska",40.4362773301168,-98.6995661014604,-98.85222,40.3113,c(40.3113, -98.85222)
"260","GEN-2022-047",504029,"SPP","Little River - GEN-2022-047",2025-04-01,"Solar","DISIS STAGE","South Foreman",200,"Little River","Little River",NA,"Arkansas","Little River Arkansas",33.6101628507794,-94.35720267582,-94.37048,33.69887,c(33.69887, -94.37048)
"261","GEN-2022-048",520848,"SPP","Woodward - GEN-2022-048",2025-04-01,"Wind","DISIS STAGE","Mooreland 138 kV",250,"Woodward","Woodward",NA,"Oklahoma","Woodward Oklahoma",36.3770449214091,-99.1164433346455,-99.23432,36.42577,c(36.42577, -99.23432)
"262","GEN-2022-049",503908,"SPP","Franklin - GEN-2022-049",2025-04-01,"Battery/Storage","DISIS STAGE","Grand Prairie 138 kV Tap",150,"Franklin","Franklin",NA,"Arkansas","Franklin Arkansas",35.4437288945138,-93.9406169786683,-93.95133,35.36457,c(35.36457, -93.95133)
"263","GEN-2022-050",640066,"SPP","Dawson/Buffalo - GEN-2022-050",2025-04-01,"Wind","DISIS STAGE","Crooked Creek 230 kV",272,"Dawson","Dawson",NA,"Nebraska","Dawson Nebraska",41.0715940242978,-99.6222669813946,-99.69783,40.88253,c(40.88253, -99.69783)
"264","GEN-2022-051",915161,"SPP","Bossier - GEN-2022-051",2025-04-01,"Battery/Storage","DISIS STAGE","Longwood to Sarepta 345 kV Line Tap",325,"Bossier","Bossier",NA,"Louisiana","Bossier Louisiana",32.6193283250423,-93.5448905321221,-93.60503,32.67893,c(32.67893, -93.60503)
"265","GEN-2022-052",915161,"SPP","Bossier - GEN-2022-052",2025-04-01,"Solar","DISIS STAGE","Longwood to Sarepta 345 kV Line Tap",850,"Bossier","Bossier",NA,"Louisiana","Bossier Louisiana",32.6193283250423,-93.5448905321221,-93.60503,32.67893,c(32.67893, -93.60503)
"266","GEN-2022-053",532932,"SPP","Barton - GEN-2022-053",2025-04-01,"Solar","DISIS STAGE","Wolf Creek-Blackberry 345 kV",137.5,"Barton","Barton",NA,"Missouri","Barton Missouri",37.4399066384747,-94.6418237494756,-94.60711,37.43036,c(37.43036, -94.60711)
"267","GEN-2022-054",520933,"SPP","Stephens - GEN-2022-054",2025-04-01,"Solar","DISIS STAGE","Lawton to Sunnyside 345 kV",200,"Stephens","Stephens",NA,"Oklahoma","Stephens Oklahoma",34.4619163740843,-98.0809883010788,-98.10271,34.48073,c(34.48073, -98.10271)
"268","GEN-2022-055",511508,"SPP","Grady - GEN-2022-055",2025-04-01,"Solar","DISIS STAGE","Sunshine North to Anadarko 138 kV",200,"Grady","Grady",NA,"Oklahoma","Grady Oklahoma",35.0592896141013,-97.8685390656953,-97.88218,35.01987,c(35.01987, -97.88218)
"269","GEN-2022-056",525425,"SPP","Lamb - GEN-2022-056",2025-04-01,"Solar","DISIS STAGE","Plant X 230kV Substation",300,"Lamb","Lamb",NA,"Texas","Lamb Texas",34.1664077616626,-102.371721201112,-102.40831,34.18706,c(34.18706, -102.40831)
"270","GEN-2022-058",547594,"SPP","Benton - GEN-2022-058",2025-04-01,"Solar","DISIS STAGE","Noel Southwest (Sub 435) Decatur 161 kV",180,"Benton","Benton",NA,"Arkansas","Benton Arkansas",36.5433162331201,-94.5589154135105,-94.51759,36.44431,c(36.44431, -94.51759)
"271","GEN-2022-059",531405,"SPP","Stevens - GEN-2022-059",2025-04-01,"Wind","DISIS STAGE","Carpenter 345 kV Substation",500,"Stevens","Stevens",NA,"Kansas","Stevens Kansas",37.1679909550588,-101.290522117032,-101.24444,37.15443,c(37.15443, -101.24444)
"272","GEN-2022-060",512874,"SPP","Osage - GEN-2022-060",2026-12-31,"Battery/Storage","DISIS STAGE","Hwy 20 138 kV Substation",55,"Osage","Osage",NA,"Oklahoma","Osage Oklahoma",36.3337577735764,-96.2419828179088,-96.28774,36.37518,c(36.37518, -96.28774)
"273","GEN-2022-061",531357,"SPP","Scotts Bluff - GEN-2022-061",2025-01-01,"Solar","DISIS STAGE","Stegall - Victory Hill 230kV",180,"Scotts Bluff","Scotts Bluff",NA,"Nebraska","Scotts Bluff Nebraska",41.7104976917719,-103.585363520436,-103.70794,41.85061,c(41.85061, -103.70794)
"274","GEN-2022-062",533774,"SPP","Bourbon - GEN-2022-062",2025-04-01,"Solar","DISIS STAGE","Wolf Creek- Blackberry 345 kV",200,"Bourbon","Bourbon",NA,"Kansas","Bourbon Kansas",37.5943661164341,-94.8357494399578,-94.81268,37.69728,c(37.69728, -94.81268)
"275","GEN-2022-063",523267,"SPP","Hutchinson - GEN-2022-063",2025-06-01,"Solar","DISIS STAGE","Pringle 230-115 kV Substation",350,"Hutchinson","Hutchinson",NA,"Texas","Hutchinson Texas",35.9567156290658,-101.541986319436,-101.43247,35.9326,c(35.9326, -101.43247)
"276","GEN-2022-064",529343,"SPP","Major - GEN-2022-064",2025-01-01,"Battery/Storage","DISIS STAGE","Clearville 138 kV Substation",80,"Major","Major",NA,"Oklahoma","Major Oklahoma",36.2712117643271,-98.7618358496939,-98.90935,36.35214,c(36.35214, -98.90935)
"277","GEN-2022-065",530617,"SPP","Edwards - GEN-2022-065",2027-09-04,"Solar","DISIS STAGE","tap on Arthur Mullergreen-Spearville 230 kV line",145,"Edwards","Edwards",NA,"Kansas","Edwards Kansas",38.1519269683879,-99.3950185512428,-99.42516,38.08118,c(38.08118, -99.42516)
"278","GEN-2022-066",659351,"SPP","Perkins - GEN-2022-066",2026-12-31,"Solar","DISIS STAGE","Bison - Maurine 230 kV Substation",150,"Perkins","Perkins",NA,"South Dakota","Perkins South Dakota",45.4962007009342,-102.685376712532,-102.58534,45.29304,c(45.29304, -102.58534)
"279","GEN-2022-067",652243,"SPP","Meade - GEN-2022-067",2026-12-31,"Solar","DISIS STAGE","Faith - Maurine 115 kV Substation",150,"Meade","Meade",NA,"South Dakota","Meade South Dakota",45.0014594853814,-102.102031477616,-102.30236,45.01893,c(45.01893, -102.30236)
"280","GEN-2022-068",652807,"SPP","Hyde - GEN-2022-068",2026-07-01,"Wind","DISIS STAGE","Chappelle Creek 345 kV",250,"Hyde","Hyde",NA,"South Dakota","Hyde South Dakota",44.1720279704427,-99.5344187140979,-99.55008,44.43184,c(44.43184, -99.55008)
"281","GEN-2022-069",652807,"SPP","Hyde - GEN-2022-069",2027-07-01,"Wind","DISIS STAGE","Chappelle Creek 345 kV",250,"Hyde","Hyde",NA,"South Dakota","Hyde South Dakota",44.1720279704427,-99.5344187140979,-99.57043,44.42719,c(44.42719, -99.57043)
"282","GEN-2022-070",652807,"SPP","Hyde - GEN-2022-070",2026-07-01,"Wind","DISIS STAGE","Chappelle Creek 345 kV",250,"Hyde","Hyde",NA,"South Dakota","Hyde South Dakota",44.1720279704427,-99.5344187140979,-99.54545,44.41942,c(44.41942, -99.54545)
"283","GEN-2022-071",520840,"SPP","Pittsburg - GEN-2022-071",2025-11-03,"Solar","DISIS STAGE","Talawanda to Canadian River 138 kV Line Tap",90.824,"Pittsburg","Pittsburg",NA,"Oklahoma","Pittsburg Oklahoma",35.0977271091796,-95.7958228973735,-95.87201,35.1111,c(35.1111, -95.87201)
"284","GEN-2022-072",930030,"SPP","Mayes - GEN-2022-072",2025-07-01,"Solar","DISIS STAGE","Choteau 138 kV Substation",181,"Mayes","Mayes",NA,"Oklahoma","Mayes Oklahoma",36.208600832014,-95.3565333800942,-95.35647,36.19766,c(36.19766, -95.35647)
"285","GEN-2022-073",542980,"SPP","Clay - GEN-2022-073",2025-04-01,"Battery/Storage","DISIS STAGE","Nashua 345kV Substation",300,"Kay","Clay",NA,"Missouri","Kay Missouri",39.3289750045756,-94.5829873446477,-94.57901,39.33378,c(39.33378, -94.57901)
"286","GEN-2022-074",520932,"SPP","Eufaula, McIntosh - GEN-2022-074",2025-03-01,"Wind","DISIS STAGE","Hanna 138kV Substation",242,"McIntosh","McIntosh","Eufala","Oklahoma","McIntosh Oklahoma",35.253263753701,-95.9757172619073,-95.87902,35.26979,c(35.26979, -95.87902)
"287","GEN-2022-075",539723,"SPP","Ellis - GEN-2022-075",2027-09-03,"Solar","DISIS STAGE","Tap on the Spearville - Post Rock 345kV line",175,"Ellis","Ellis",NA,"Kansas","Ellis Kansas",38.8889089444302,-99.4665574390364,-99.47056,38.81839,c(38.81839, -99.47056)
"288","GEN-2022-076",533008,"SPP","Stevens - GEN-2022-076",2025-04-30,"Solar","DISIS STAGE","Carpenter 345 kV Substation",300,"Stevens","Stevens",NA,"Oklahoma","Stevens Oklahoma",37.1540710060689,-95.4120056981341,-95.35064,37.15166,c(37.15166, -95.35064)
"289","GEN-2022-077",982001,"SPP","Chase - GEN-2022-077",2026-01-01,"Solar","DISIS STAGE","Enders 115 kV Substation",250,"Chase","Chase",NA,"Nebraska","Chase Nebraska",40.4145254175355,-101.52152072803,-101.49087,40.45254,c(40.45254, -101.49087)
"290","GEN-2022-078",661003,"SPP","Bowman - GEN-2022-078",2025-01-01,"Solar","DISIS STAGE","Rhame-Bellfield 230 kV",180,"Bowman","Bowman",NA,"North Dakota","Bowman North Dakota",46.080589915473,-103.329173569583,-103.29282,46.24242,c(46.24242, -103.29282)
"291","GEN-2022-079",923010,"SPP","Cedar - GEN-2022-079",2026-01-01,"Solar","DISIS STAGE","Dadeville 161kV Substation (547478)",192,"Cedar","Cedar",NA,"Missouri","Cedar Missouri",37.4840109538754,-93.627777723992,-93.63157,37.48708,c(37.48708, -93.63157)
"292","GEN-2022-080",547478,"SPP","Cedar - GEN-2022-080",2026-01-01,"Battery/Storage","DISIS STAGE","Dadeville 161kV Substation (547478)",96,"Cedar","Cedar",NA,"Missouri","Cedar Missouri",37.4837459039384,-93.6274781434003,-93.62335,37.48171,c(37.48171, -93.62335)
"293","GEN-2022-081",514808,"SPP","Johnston - GEN-2022-081",2025-04-01,"Solar","DISIS STAGE","Johnson County 345 kV Substation",218,"Johnston ","Johnston",NA,"Oklahoma","Johnston  Oklahoma",34.2768467202435,-96.9551579283656,-96.78802,34.31361,c(34.31361, -96.78802)
"294","GEN-2022-082",514808,"SPP","Johnston  - GEN-2022-082",2025-04-01,"Solar","DISIS STAGE","Johnson County 345 kV Substation",180,"Johnson ","Johnston",NA,"Oklahoma","Johnson  Oklahoma",34.2768467202435,-96.9551579283656,-96.78831,34.30793,c(34.30793, -96.78831)
"295","GEN-2022-083",659364,"SPP",NA,2025-06-01,"Thermal","DISIS STAGE","Judson Substation 345 kV",250,"Williams",NA,NA,"North Dakota","Williams North Dakota",48.3499622380812,-103.320716299651,-103.2923954,48.432044,c(48.432044, -103.2923954)
"296","GEN-2022-084",547485,"SPP","Jasper - GEN-2022-084",2026-02-01,"Solar","DISIS STAGE","POI-Galena 69 kV interconnection substation through a 0.50 mile 69 kV gen-tie line ",11.45,"Jasper","Jasper",NA,"Missouri","Jasper Missouri",37.0972256838489,-94.3488477444317,-94.33564,37.08775,c(37.08775, -94.33564)
"297","GEN-2022-086",531393,"SPP","Finney - GEN-2022-086",2027-09-30,"Solar","DISIS STAGE","345kV Hitchland - Finney Line",700,"Finney","Finney",NA,"Kansas","Finney Kansas",38.0204638703147,-101.081552102917,-101.01889,37.94947,c(37.94947, -101.01889)
"298","GEN-2022-087",525425,"SPP",NA,2026-06-01,"Hybrid","DISIS STAGE","230kV Lamb County Interchange",225,"Lamb",NA,NA,"Texas","Lamb Texas",34.1664077616626,-102.371721201112,-102.3463875,34.1486153,c(34.1486153, -102.3463875)
"299","GEN-2022-088",504029,"SPP","Little River - GEN-2022-088",2026-09-30,"Solar","DISIS STAGE","South Foreman Substation 138kV",74.99,"Little River","Little River",NA,"Arkansas","Little River Arkansas",33.6101628507794,-94.35720267582,-94.33783,33.61562,c(33.61562, -94.33783)
"300","GEN-2022-089",504029,"SPP","Little River - GEN-2022-089",2026-09-30,"Battery/Storage","DISIS STAGE","South Foreman Substation 138kV",74.99,"Little River","Little River",NA,"Arkansas","Little River Arkansas",33.6101628507794,-94.35720267582,-94.3443,33.60945,c(33.60945, -94.3443)
"301","GEN-2022-090",510866,"SPP","McCurtain - GEN-2022-090",2026-09-30,"Solar","DISIS STAGE","Valiant Substation 138kV",150,"McCurtain","McCurtain",NA,"Oklahoma","McCurtain Oklahoma",33.9346965933276,-95.0640492163832,-95.05543,33.98153,c(33.98153, -95.05543)
"302","GEN-2022-091",510866,"SPP","McCurtain - GEN-2022-091",2026-09-30,"Battery/Storage","DISIS STAGE","Valiant Substation 138kV",150,"McCurtain","McCurtain",NA,"Oklahoma","McCurtain Oklahoma",33.9346965933276,-95.0640492163832,-95.05081,33.98327,c(33.98327, -95.05081)
"303","GEN-2022-092",533689,"SPP","Nowata and Craig - GEN-2022-092",2026-09-01,"Wind","DISIS STAGE","Neosho-Delaware 345 kV",299.2,"Nowata","Nowata",NA,"Oklahoma","Nowata Oklahoma",37.0720144415011,-95.5431368319879,-95.40349,36.93463,c(36.93463, -95.40349)
"304","GEN-2022-093",507455,"SPP","Hempstead - GEN-2022-093",2026-10-01,"Solar","DISIS STAGE","Fulton - Patmos West 115kV",90,"Hempstead","Hempstead",NA,"Arkansas","Hempstead Arkansas",33.6695061608371,-93.7748932868042,-93.78114,33.66211,c(33.66211, -93.78114)
"305","GEN-2022-094",533451,"SPP","Osborne  - GEN-2022-094",2028-05-27,"Wind","DISIS STAGE","Postrock to Axtell 345 kV line",250,"Osborne ","Osborne",NA,"Kansas","Osborne  Kansas",39.4868482762012,-99.1754845410381,-98.98229,39.43575,c(39.43575, -98.98229)
"306","GEN-2022-095",533451,"SPP","Osborne  - GEN-2022-095",2028-05-27,"Wind","DISIS STAGE","Postrock to Axtell 345 kV line",250,"Osborne ","Osborne",NA,"Kansas","Osborne  Kansas",39.4868482762012,-99.1754845410381,-99.0026,39.41744,c(39.41744, -99.0026)
"307","GEN-2022-096",533451,"SPP","Osborne  - GEN-2022-096",2028-05-27,"Wind","DISIS STAGE","Postrock to Axtell 345 kV line",225,"Osborne ","Osborne",NA,"Kansas","Osborne  Kansas",39.4868482762012,-99.1754845410381,-98.98572,39.443,c(39.443, -98.98572)
"308","GEN-2022-097",661103,"SPP","Rosebud/Custer - GEN-2022-097",2026-12-01,"Wind","DISIS STAGE","230 kV gen-tie line (Miles City 2 - Rosebud Creek 230 kV Line)",400,"Rosebud","Rosebud",NA,"Montana","Rosebud Montana",46.454746364515,-105.823132200024,-106.18214,46.27267,c(46.27267, -106.18214)
"309","GEN-2022-098",515153,"SPP","Johnston  - GEN-2022-098",2024-03-01,"Solar","DISIS STAGE","Bison 345kV Substation",200,"Johnston ","Johnston",NA,"Oklahoma","Johnston  Oklahoma",34.1733512456913,-96.5288115711782,-96.499,34.16969,c(34.16969, -96.499)
"310","GEN-2022-099",520527,"SPP",NA,2025-10-25,"Hybrid","DISIS STAGE","To Be Defined",200,"Pittsburg",NA,NA,"Oklahoma","Pittsburg Oklahoma",34.6806905041988,-95.7951850862801,-95.8499898,34.7131522,c(34.7131522, -95.8499898)
"311","GEN-2022-100",520527,"SPP",NA,2025-10-25,"Hybrid","DISIS STAGE","To Be Defined",150,"Pittsburg",NA,NA,"Oklahoma","Pittsburg Oklahoma",34.6806905041988,-95.7951850862801,-95.8499898,34.7131522,c(34.7131522, -95.8499898)
"312","GEN-2022-101",301492,"SPP",NA,2026-10-01,"Battery/Storage","DISIS STAGE","KCPL St Joseph 161kV (PTI# 541253)",100,"Andrew",NA,NA,"Missouri","Andrew Missouri",39.9868468914521,-94.8345040371586,-94.8105955,39.9637436,c(39.9637436, -94.8105955)
"313","GEN-2022-102",300417,"SPP",NA,2026-10-01,"Battery/Storage","DISIS STAGE","KCPL Hallmark 161kV (PTI# 541215)",100,"Clay",NA,NA,"Missouri","Clay Missouri",40.2778725726,-92.444244018,-92.4524133,40.2275342,c(40.2275342, -92.4524133)
"314","GEN-2022-103",300729,"SPP",NA,2026-10-01,"Battery/Storage","DISIS STAGE","EMDE Ozark South 161kV (PTI# 547621)",74.99,"Christian",NA,NA,"Missouri","Christian Missouri",37.0739176586,-93.1896309683,-93.1779659,36.997644,c(36.997644, -93.1779659)
"315","GEN-2022-104",520884,"SPP",NA,2025-11-03,"Solar","DISIS STAGE","Interconnecting at the 138 kV line from Brown (#505602) to Kiersey (#520963) via 100 feet gen tie-line.",113.078,"Bryan",NA,NA,"Oklahoma","Bryan Oklahoma",33.9990842061065,-96.4508488632758,-96.3226072,33.902127,c(33.902127, -96.3226072)
"316","GEN-2023-SR4",661281,"SPP",NA,2022-11-30,"Battery/Storage","None","Tande 345 kV Substation",170,"Burke",NA,NA,"North Dakota","Burke North Dakota",48.8577485476181,-102.570210103004,-102.4633691,48.7704377,c(48.7704377, -102.4633691)
